
insert into Users (UserID, Username, FirstName, LastName, DateOfBirth, Password, DateAdded) values (1, 'btempleman0', 'Brander', 'Templeman', '2024-03-30 03:05:28', 'aK4),\*W', '2023-10-17 22:10:09');
insert into Users (UserID, Username, FirstName, LastName, DateOfBirth, Password, DateAdded) values (2, 'mconechie1', 'Margie', 'Conechie', '2024-08-04 21:14:06', 'pZ7|6%OrfEt_.', '2024-01-07 17:51:57');
insert into Users (UserID, Username, FirstName, LastName, DateOfBirth, Password, DateAdded) values (3, 'sfache2', 'Shauna', 'Fache', '2023-12-10 09:35:26', 'hZ8&ER2fW$', '2024-03-03 23:14:42');
insert into Users (UserID, Username, FirstName, LastName, DateOfBirth, Password, DateAdded) values (4, 'ajaegar3', 'Angil', 'Jaegar', '2024-02-03 21:08:03', 'iJ6+cc#BEF&~', '2024-08-01 17:29:24');
insert into Users (UserID, Username, FirstName, LastName, DateOfBirth, Password, DateAdded) values (5, 'mmatokhnin4', 'Merrile', 'Matokhnin', '2024-07-08 01:08:54', 'kH4&0vXY_', '2023-10-18 16:12:16');
insert into Users (UserID, Username, FirstName, LastName, DateOfBirth, Password, DateAdded) values (6, 'lhorning5', 'Lethia', 'Horning', '2023-10-03 08:47:00', 'mJ5_Hs)y5T2%', '2024-04-30 14:06:20');
insert into Users (UserID, Username, FirstName, LastName, DateOfBirth, Password, DateAdded) values (7, 'tmussilli6', 'Travers', 'Mussilli', '2024-04-09 08:02:26', 'nF9@Aw=\6&&hmS', '2024-02-23 00:35:43');
insert into Users (UserID, Username, FirstName, LastName, DateOfBirth, Password, DateAdded) values (8, 'credpath7', 'Cirillo', 'Redpath', '2023-09-25 15:44:06', 'uL8/9dZ/i', '2024-02-10 16:55:09');
insert into Users (UserID, Username, FirstName, LastName, DateOfBirth, Password, DateAdded) values (9, 'ccoggin8', 'Craggy', 'Coggin', '2023-10-29 17:08:37', 'eY2,c((}*!Gv', '2024-01-01 06:28:04');
insert into Users (UserID, Username, FirstName, LastName, DateOfBirth, Password, DateAdded) values (10, 'lwollard9', 'Lewes', 'Wollard', '2023-11-24 19:36:02', 'oX7=E/C9{Cwb', '2024-02-09 07:20:47');
insert into Users (UserID, Username, FirstName, LastName, DateOfBirth, Password, DateAdded) values (11, 'kabraharta', 'Kain', 'Abrahart', '2024-02-25 08:48:14', 'qB4+z?HAi', '2024-06-09 04:13:38');
insert into Users (UserID, Username, FirstName, LastName, DateOfBirth, Password, DateAdded) values (12, 'sglassardb', 'Selig', 'Glassard', '2024-08-02 05:00:31', 'yA4"5Kr/c5PQ?2o6', '2024-06-03 04:26:16');
insert into Users (UserID, Username, FirstName, LastName, DateOfBirth, Password, DateAdded) values (13, 'vgafferc', 'Vick', 'Gaffer', '2024-05-21 03:34:00', 'eA4!@ZOBX,M1w', '2024-08-20 23:54:23');
insert into Users (UserID, Username, FirstName, LastName, DateOfBirth, Password, DateAdded) values (14, 'cjefferiesd', 'Catlin', 'Jefferies', '2024-08-02 05:12:18', 'wH6_gRLmmXD4', '2023-12-18 15:07:43');
insert into Users (UserID, Username, FirstName, LastName, DateOfBirth, Password, DateAdded) values (15, 'jsoggeee', 'Janaye', 'Soggee', '2024-02-26 06:13:52', 'aF2(PHiI@{/', '2024-02-25 07:02:47');
insert into Users (UserID, Username, FirstName, LastName, DateOfBirth, Password, DateAdded) values (16, 'cmorchf', 'Charis', 'Morch', '2024-06-16 08:53:09', 'oH5!,3izl=', '2024-08-24 18:41:02');
insert into Users (UserID, Username, FirstName, LastName, DateOfBirth, Password, DateAdded) values (17, 'isweettg', 'Isabeau', 'Sweett', '2023-09-14 12:29:30', 'hM2#47JtBN25h|', '2024-02-09 19:10:37');
insert into Users (UserID, Username, FirstName, LastName, DateOfBirth, Password, DateAdded) values (18, 'rgrayneh', 'Raynor', 'Grayne', '2023-12-04 16:19:41', 'oP6`Q_)S(n2R1d', '2023-12-07 13:05:21');
insert into Users (UserID, Username, FirstName, LastName, DateOfBirth, Password, DateAdded) values (19, 'ipringelli', 'Issiah', 'Pringell', '2023-11-06 01:08:52', 'pO0`(iK"_=`=V', '2024-02-28 16:41:19');
insert into Users (UserID, Username, FirstName, LastName, DateOfBirth, Password, DateAdded) values (20, 'afuchsj', 'Alvina', 'Fuchs', '2023-12-02 04:48:08', 'wN6!G2NAr@t0?YVy', '2023-11-23 14:07:04');
insert into Users (UserID, Username, FirstName, LastName, DateOfBirth, Password, DateAdded) values (21, 'bmerryfieldk', 'Boyce', 'Merryfield', '2024-08-24 07:01:56', 'fP5%MHxxomA(gMtZ', '2024-03-29 00:42:29');
insert into Users (UserID, Username, FirstName, LastName, DateOfBirth, Password, DateAdded) values (22, 'edogel', 'Erica', 'Doge', '2023-11-04 14:39:47', 'nX5/2bzgTtmq', '2024-07-08 08:29:27');
insert into Users (UserID, Username, FirstName, LastName, DateOfBirth, Password, DateAdded) values (23, 'apaffettm', 'Avram', 'Paffett', '2024-01-31 08:59:11', 'vL4%E`6,7"22x`&', '2024-07-05 23:15:48');
insert into Users (UserID, Username, FirstName, LastName, DateOfBirth, Password, DateAdded) values (24, 'emccroftn', 'Evvie', 'McCroft', '2024-06-01 05:13:34', 'zP3"1aOt\0sN7', '2024-08-18 06:10:04');
insert into Users (UserID, Username, FirstName, LastName, DateOfBirth, Password, DateAdded) values (25, 'crawseno', 'Charmine', 'Rawsen', '2024-03-30 04:49:30', 'iH1>3!XF`5`swI', '2024-07-18 08:54:08');
insert into Users (UserID, Username, FirstName, LastName, DateOfBirth, Password, DateAdded) values (26, 'btolworthiep', 'Bendix', 'Tolworthie', '2024-08-27 21:16:45', 'cX3@}Z>{Y+8/>\VT', '2024-03-16 00:13:33');
insert into Users (UserID, Username, FirstName, LastName, DateOfBirth, Password, DateAdded) values (27, 'ascandriteq', 'Astrid', 'Scandrite', '2024-01-21 02:30:09', 'qO9.~k"J`~1E3', '2024-04-26 11:29:55');
insert into Users (UserID, Username, FirstName, LastName, DateOfBirth, Password, DateAdded) values (28, 'rrodgmanr', 'Rosamond', 'Rodgman', '2023-12-14 19:44:28', 'wN3,kd{|MzcAi0', '2024-04-26 23:49:06');
insert into Users (UserID, Username, FirstName, LastName, DateOfBirth, Password, DateAdded) values (29, 'agriffittss', 'Abagael', 'Griffitts', '2024-07-13 12:04:31', 'rR8~!PN~Tm', '2024-06-25 02:16:15');
insert into Users (UserID, Username, FirstName, LastName, DateOfBirth, Password, DateAdded) values (30, 'jmattasert', 'Josephine', 'Mattaser', '2024-02-27 07:43:23', 'uV4.Jm@.UO', '2023-11-13 20:47:45');
insert into Users (UserID, Username, FirstName, LastName, DateOfBirth, Password, DateAdded) values (31, 'glabesu', 'Gladys', 'Labes', '2024-04-10 22:28:30', 'qE7''_z$>E', '2023-10-09 10:40:22');
insert into Users (UserID, Username, FirstName, LastName, DateOfBirth, Password, DateAdded) values (32, 'tparadesv', 'Tallia', 'Parades', '2024-08-09 23:05:03', 'mU0?_{b>O{', '2024-08-03 23:04:15');
insert into Users (UserID, Username, FirstName, LastName, DateOfBirth, Password, DateAdded) values (33, 'csandhamw', 'Charlot', 'Sandham', '2024-09-03 20:28:56', 'jT4`LR5v8h~', '2023-10-24 17:50:15');
insert into Users (UserID, Username, FirstName, LastName, DateOfBirth, Password, DateAdded) values (34, 'vgoosex', 'Virgie', 'Goose', '2024-01-15 12:55:02', 'oK0)o63JodAqF', '2024-04-05 15:30:38');
insert into Users (UserID, Username, FirstName, LastName, DateOfBirth, Password, DateAdded) values (35, 'kcrelliny', 'Kamillah', 'Crellin', '2024-03-23 00:47:19', 'dC6}s}?lJk.e', '2024-05-06 08:20:29');
insert into Users (UserID, Username, FirstName, LastName, DateOfBirth, Password, DateAdded) values (36, 'rstubbeleyz', 'Rey', 'Stubbeley', '2024-01-04 17:36:19', 'gO4!@=q"8z)a)_', '2024-06-09 16:09:34');
insert into Users (UserID, Username, FirstName, LastName, DateOfBirth, Password, DateAdded) values (37, 'kyarrall10', 'Katina', 'Yarrall', '2024-04-21 21:02:47', 'oO5}mhC"', '2024-06-22 00:32:38');
insert into Users (UserID, Username, FirstName, LastName, DateOfBirth, Password, DateAdded) values (38, 'btie11', 'Bendix', 'Tie', '2024-01-06 12:38:06', 'fQ7)qj{UAnjz4kwp', '2023-12-01 10:22:08');
insert into Users (UserID, Username, FirstName, LastName, DateOfBirth, Password, DateAdded) values (39, 'sbruckental12', 'Sigvard', 'Bruckental', '2023-12-04 06:57:17', 'mL6%ihz1~s3\#($i', '2024-07-12 16:11:21');
insert into Users (UserID, Username, FirstName, LastName, DateOfBirth, Password, DateAdded) values (40, 'dlarrie13', 'Donaugh', 'Larrie', '2024-05-01 20:18:27', 'aQ3)6)Pto.7vjOB$', '2024-09-04 21:37:18');
insert into Users (UserID, Username, FirstName, LastName, DateOfBirth, Password, DateAdded) values (41, 'lmeron14', 'Lidia', 'Meron', '2024-09-03 13:27:02', 'xR1$oca?8~', '2023-10-06 06:33:23');
insert into Users (UserID, Username, FirstName, LastName, DateOfBirth, Password, DateAdded) values (42, 'markin15', 'Minor', 'Arkin', '2023-10-12 11:39:41', 'kA9/@8w0kC/cVP', '2023-12-31 20:13:03');
insert into Users (UserID, Username, FirstName, LastName, DateOfBirth, Password, DateAdded) values (43, 'bohenecan16', 'Bebe', 'O''Henecan', '2023-11-14 17:36:22', 'gV6+aLYk~1ac4', '2024-01-18 14:53:10');
insert into Users (UserID, Username, FirstName, LastName, DateOfBirth, Password, DateAdded) values (44, 'wmcanalley17', 'Wendy', 'McAnalley', '2023-10-07 03:14:28', 'nD0/VcpV""!n5o=I', '2024-08-05 13:31:53');
insert into Users (UserID, Username, FirstName, LastName, DateOfBirth, Password, DateAdded) values (45, 'pausiello18', 'Patrice', 'Ausiello', '2023-12-06 04:02:08', 'aP4"%>ta`Xesfjfo', '2024-03-20 10:43:54');
insert into Users (UserID, Username, FirstName, LastName, DateOfBirth, Password, DateAdded) values (46, 'eheyburn19', 'Eilis', 'Heyburn', '2024-02-13 22:36:46', 'pD5&n7,APXSu&s', '2024-03-25 17:08:32');
insert into Users (UserID, Username, FirstName, LastName, DateOfBirth, Password, DateAdded) values (47, 'obelz1a', 'Olly', 'Belz', '2024-06-25 19:40:39', 'eF6<59D+f=</Co', '2024-04-04 03:34:58');
insert into Users (UserID, Username, FirstName, LastName, DateOfBirth, Password, DateAdded) values (48, 'lgloyens1b', 'Loleta', 'Gloyens', '2024-06-29 19:04:56', 'eT8+H/I,TK4`}.Jb', '2024-02-13 07:55:06');
insert into Users (UserID, Username, FirstName, LastName, DateOfBirth, Password, DateAdded) values (49, 'dspraggon1c', 'Dawn', 'Spraggon', '2024-03-30 05:19:23', 'oN0\7O$9', '2024-01-07 22:21:22');
insert into Users (UserID, Username, FirstName, LastName, DateOfBirth, Password, DateAdded) values (50, 'lpeers1d', 'Laurena', 'Peers', '2024-08-26 22:28:46', 'jH8}|_HM+', '2023-12-03 18:26:31');
insert into Users (UserID, Username, FirstName, LastName, DateOfBirth, Password, DateAdded) values (51, 'mhadigate1e', 'Marnia', 'Hadigate', '2024-03-14 12:52:31', 'nL5_)~=2@eWfN)XB', '2024-06-21 12:45:19');
insert into Users (UserID, Username, FirstName, LastName, DateOfBirth, Password, DateAdded) values (52, 'mfellenor1f', 'Marilin', 'Fellenor', '2024-03-05 08:38:18', 'kH0_Y6pGUz', '2024-08-06 04:29:23');
insert into Users (UserID, Username, FirstName, LastName, DateOfBirth, Password, DateAdded) values (53, 'kmacmakin1g', 'Karolina', 'MacMakin', '2024-03-09 20:00:12', 'sX4<+r.=2', '2024-04-07 07:57:42');
insert into Users (UserID, Username, FirstName, LastName, DateOfBirth, Password, DateAdded) values (54, 'pandrejevic1h', 'Pearce', 'Andrejevic', '2023-09-22 20:18:05', 'aZ0"CfNNUAp#RS', '2024-05-16 08:13:31');
insert into Users (UserID, Username, FirstName, LastName, DateOfBirth, Password, DateAdded) values (55, 'ksnepp1i', 'Kory', 'Snepp', '2023-09-18 00:23:39', 'wI4=|q>~9ZM', '2023-09-21 17:52:56');
insert into Users (UserID, Username, FirstName, LastName, DateOfBirth, Password, DateAdded) values (56, 'adalziell1j', 'Arlyn', 'Dalziell', '2024-07-21 15:05:39', 'jJ1"H83gG!7LnE', '2023-10-11 01:12:11');
insert into Users (UserID, Username, FirstName, LastName, DateOfBirth, Password, DateAdded) values (57, 'mpopeley1k', 'Magda', 'Popeley', '2024-03-20 06:49:44', 'yM5|2T&(Ql!cZ?t6', '2024-08-12 18:09:51');
insert into Users (UserID, Username, FirstName, LastName, DateOfBirth, Password, DateAdded) values (58, 'lburtwistle1l', 'Leicester', 'Burtwistle', '2024-02-28 06:54:01', 'sA5+Aisf9', '2024-01-11 10:17:44');
insert into Users (UserID, Username, FirstName, LastName, DateOfBirth, Password, DateAdded) values (59, 'doen1m', 'Dewey', 'Oen', '2024-03-03 05:17:21', 'tI2!G>+SA', '2024-06-20 18:55:51');
insert into Users (UserID, Username, FirstName, LastName, DateOfBirth, Password, DateAdded) values (60, 'cpringell1n', 'Consolata', 'Pringell', '2024-06-16 02:09:51', 'eA0\QJl)', '2024-08-22 00:23:09');
insert into Users (UserID, Username, FirstName, LastName, DateOfBirth, Password, DateAdded) values (61, 'abowland1o', 'Ardenia', 'Bowland', '2024-06-24 23:26:59', 'sB8%Hy{sdjXban', '2023-11-20 10:10:18');
insert into Users (UserID, Username, FirstName, LastName, DateOfBirth, Password, DateAdded) values (62, 'gballendine1p', 'Gaven', 'Ballendine', '2023-11-10 08:53:59', 'pA9{`1KdpTr?gv', '2024-06-14 16:42:33');
insert into Users (UserID, Username, FirstName, LastName, DateOfBirth, Password, DateAdded) values (63, 'bdye1q', 'Breena', 'Dye', '2024-03-12 15:44:39', 'qO3+Mw/N?EO', '2024-05-05 12:06:32');
insert into Users (UserID, Username, FirstName, LastName, DateOfBirth, Password, DateAdded) values (64, 'mhatherley1r', 'Michal', 'Hatherley', '2023-11-02 18:08:06', 'nB3_!MyKnj', '2024-09-04 14:45:18');
insert into Users (UserID, Username, FirstName, LastName, DateOfBirth, Password, DateAdded) values (65, 'gelesander1s', 'Gipsy', 'Elesander', '2024-06-25 05:01:13', 'lI5++JXzs5%', '2023-09-06 23:00:47');
insert into Users (UserID, Username, FirstName, LastName, DateOfBirth, Password, DateAdded) values (66, 'vsudell1t', 'Virgilio', 'Sudell', '2023-10-18 17:09:18', 'pZ8!2=v<@(yH7', '2024-03-30 06:47:44');
insert into Users (UserID, Username, FirstName, LastName, DateOfBirth, Password, DateAdded) values (67, 'dcamili1u', 'Dmitri', 'Camili', '2024-07-17 04:40:17', 'kY4>%!hH~SA?!(', '2024-06-30 20:35:25');
insert into Users (UserID, Username, FirstName, LastName, DateOfBirth, Password, DateAdded) values (68, 'jscholes1v', 'Joeann', 'Scholes', '2024-01-29 17:54:10', 'sB3+''yO*a/wS`6g\', '2024-01-09 18:03:34');
insert into Users (UserID, Username, FirstName, LastName, DateOfBirth, Password, DateAdded) values (69, 'rkenealy1w', 'Rivi', 'Kenealy', '2023-12-09 18:10:03', 'uE7%YlMZknXeDC', '2024-06-20 22:20:58');
insert into Users (UserID, Username, FirstName, LastName, DateOfBirth, Password, DateAdded) values (70, 'arubin1x', 'Alane', 'Rubin', '2024-02-25 20:05:48', 'qV5+''s?A&s4', '2023-11-24 00:03:09');
insert into Users (UserID, Username, FirstName, LastName, DateOfBirth, Password, DateAdded) values (71, 'bstockall1y', 'Beilul', 'Stockall', '2023-10-24 18:54:14', 'pP6''WA}NS*B\uc\S', '2024-05-19 17:52:57');
insert into Users (UserID, Username, FirstName, LastName, DateOfBirth, Password, DateAdded) values (72, 'cdeath1z', 'Carlie', 'D''eath', '2024-05-15 16:52:38', 'jP5,*Mh)6!', '2024-04-09 12:30:44');
insert into Users (UserID, Username, FirstName, LastName, DateOfBirth, Password, DateAdded) values (73, 'vdinzey20', 'Venus', 'Dinzey', '2024-06-20 12:50:10', 'pT1''$+u&u', '2024-06-04 11:52:07');
insert into Users (UserID, Username, FirstName, LastName, DateOfBirth, Password, DateAdded) values (74, 'ptummond21', 'Pebrook', 'Tummond', '2024-07-24 16:57:07', 'pH3*18MJC', '2024-08-06 01:37:22');
insert into Users (UserID, Username, FirstName, LastName, DateOfBirth, Password, DateAdded) values (75, 'mpraundl22', 'Mackenzie', 'Praundl', '2024-01-23 16:54:38', 'nF6|wHgL|=,)b', '2024-02-22 08:57:40');
insert into Users (UserID, Username, FirstName, LastName, DateOfBirth, Password, DateAdded) values (76, 'msedger23', 'Maximilien', 'Sedger', '2023-10-29 15:41:53', 'kN1{(r~y?}M?eI{', '2024-01-16 16:03:01');
insert into Users (UserID, Username, FirstName, LastName, DateOfBirth, Password, DateAdded) values (77, 'wsouthwick24', 'Winny', 'Southwick', '2024-04-19 23:04:45', 'gX8@6(*|.3ya5', '2024-05-03 02:06:09');
insert into Users (UserID, Username, FirstName, LastName, DateOfBirth, Password, DateAdded) values (78, 'bolijve25', 'Brande', 'Olijve', '2023-10-25 09:39:16', 'sJ4`.$jbH3v', '2024-05-03 02:32:03');
insert into Users (UserID, Username, FirstName, LastName, DateOfBirth, Password, DateAdded) values (79, 'jdaltrey26', 'Janenna', 'Daltrey', '2024-07-10 16:27:32', 'tH7@7"Wkqq,FyQ', '2023-11-17 10:30:26');
insert into Users (UserID, Username, FirstName, LastName, DateOfBirth, Password, DateAdded) values (80, 'jgaze27', 'Jenni', 'Gaze', '2024-01-07 01:52:34', 'pE4/B\BXdAL=I', '2024-07-19 01:49:12');
insert into Users (UserID, Username, FirstName, LastName, DateOfBirth, Password, DateAdded) values (81, 'tlockart28', 'Thibaut', 'Lockart', '2024-05-20 13:58:47', 'kN5&syox4/X', '2024-05-13 15:28:27');
insert into Users (UserID, Username, FirstName, LastName, DateOfBirth, Password, DateAdded) values (82, 'bgeertje29', 'Baudoin', 'Geertje', '2024-08-17 04:39:43', 'iL5?&wrv&nSZ', '2024-04-14 17:23:36');
insert into Users (UserID, Username, FirstName, LastName, DateOfBirth, Password, DateAdded) values (83, 'hnutter2a', 'Haroun', 'Nutter', '2023-10-22 18:24:48', 'dX7<B>lgM', '2024-08-25 06:06:08');
insert into Users (UserID, Username, FirstName, LastName, DateOfBirth, Password, DateAdded) values (84, 'ahambribe2b', 'Adan', 'Hambribe', '2024-03-04 10:48:02', 'oW9`BfihKX', '2024-08-17 04:47:54');
insert into Users (UserID, Username, FirstName, LastName, DateOfBirth, Password, DateAdded) values (85, 'pcissell2c', 'Port', 'Cissell', '2024-06-24 23:13:10', 'hH0,RqPg&x"3G=', '2023-11-21 06:15:51');
insert into Users (UserID, Username, FirstName, LastName, DateOfBirth, Password, DateAdded) values (86, 'llemary2d', 'Lynnelle', 'Lemary', '2023-11-17 03:13:50', 'bL0"`I4YBRt', '2023-12-04 01:57:40');
insert into Users (UserID, Username, FirstName, LastName, DateOfBirth, Password, DateAdded) values (87, 'tlawn2e', 'Thacher', 'Lawn', '2023-09-30 20:04:36', 'oN4@V)8?,', '2023-11-15 07:02:08');
insert into Users (UserID, Username, FirstName, LastName, DateOfBirth, Password, DateAdded) values (88, 'cmclaverty2f', 'Carmelle', 'McLaverty', '2023-11-13 00:10:55', 'jV4{?cF|', '2023-09-15 04:21:42');
insert into Users (UserID, Username, FirstName, LastName, DateOfBirth, Password, DateAdded) values (89, 'cgerritzen2g', 'Cairistiona', 'Gerritzen', '2023-11-12 10:41:55', 'xC4''="|W<q5W{ZN0', '2024-03-08 14:28:55');
insert into Users (UserID, Username, FirstName, LastName, DateOfBirth, Password, DateAdded) values (90, 'bgorke2h', 'Bink', 'Gorke', '2023-12-06 08:59:45', 'sU7>8_P)@g,%Fq)7', '2023-10-07 15:13:57');
insert into Users (UserID, Username, FirstName, LastName, DateOfBirth, Password, DateAdded) values (91, 'dstarling2i', 'Doe', 'Starling', '2024-05-08 19:17:30', 'gS4<n!s!3', '2024-04-21 13:10:49');
insert into Users (UserID, Username, FirstName, LastName, DateOfBirth, Password, DateAdded) values (92, 'anortunen2j', 'Amber', 'Nortunen', '2024-05-12 14:46:35', 'cO2>C+_9EFh', '2024-08-28 19:29:28');
insert into Users (UserID, Username, FirstName, LastName, DateOfBirth, Password, DateAdded) values (93, 'khargey2k', 'Krystyna', 'Hargey', '2024-02-02 01:02:47', 'sO8$_!b4j<', '2024-06-22 06:38:38');
insert into Users (UserID, Username, FirstName, LastName, DateOfBirth, Password, DateAdded) values (94, 'hgarretts2l', 'Hort', 'Garretts', '2024-01-08 03:43:45', 'jN4}nsN("ci', '2024-01-15 11:49:31');
insert into Users (UserID, Username, FirstName, LastName, DateOfBirth, Password, DateAdded) values (95, 'bkalkofer2m', 'Beatrix', 'Kalkofer', '2023-09-21 10:46:01', 'bH1"`c,Y+', '2024-06-02 18:12:21');
insert into Users (UserID, Username, FirstName, LastName, DateOfBirth, Password, DateAdded) values (96, 'kregelous2n', 'Kim', 'Regelous', '2023-11-06 17:27:26', 'fH2,P=Z$', '2024-04-11 12:58:20');
insert into Users (UserID, Username, FirstName, LastName, DateOfBirth, Password, DateAdded) values (97, 'nbranston2o', 'Nealson', 'Branston', '2024-03-30 19:25:02', 'sE5<,E48c{CM', '2024-05-18 10:45:44');
insert into Users (UserID, Username, FirstName, LastName, DateOfBirth, Password, DateAdded) values (98, 'tpurcer2p', 'Tremayne', 'Purcer', '2024-06-14 16:17:26', 'nL6{OzshT>zFK', '2024-03-19 18:32:25');
insert into Users (UserID, Username, FirstName, LastName, DateOfBirth, Password, DateAdded) values (99, 'gdumbelton2q', 'Georgi', 'Dumbelton', '2023-12-12 19:55:19', 'bT2.+WvOB', '2024-02-18 05:50:19');
insert into Users (UserID, Username, FirstName, LastName, DateOfBirth, Password, DateAdded) values (100, 'ddober2r', 'Darwin', 'Dober', '2024-04-29 04:34:17', 'kW6''*04P\X9&bj#', '2024-08-28 18:11:00');



insert into Friends (FriendID, FriendWhoAdded, FriendBeingAdded, IsAccepted, DateAdded) values (1, 9, 30, false, '2024-02-03 15:49:42');
insert into Friends (FriendID, FriendWhoAdded, FriendBeingAdded, IsAccepted, DateAdded) values (2, 21, 87, false, '2024-06-19 22:01:16');
insert into Friends (FriendID, FriendWhoAdded, FriendBeingAdded, IsAccepted, DateAdded) values (3, 62, 4, false, '2024-06-05 09:40:12');
insert into Friends (FriendID, FriendWhoAdded, FriendBeingAdded, IsAccepted, DateAdded) values (4, 12, 45, false, '2024-01-12 19:13:21');
insert into Friends (FriendID, FriendWhoAdded, FriendBeingAdded, IsAccepted, DateAdded) values (5, 6, 8, true, '2024-02-28 07:24:51');
insert into Friends (FriendID, FriendWhoAdded, FriendBeingAdded, IsAccepted, DateAdded) values (6, 34, 56, false, '2024-05-22 04:49:55');
insert into Friends (FriendID, FriendWhoAdded, FriendBeingAdded, IsAccepted, DateAdded) values (7, 67, 30, true, '2023-12-31 07:54:55');
insert into Friends (FriendID, FriendWhoAdded, FriendBeingAdded, IsAccepted, DateAdded) values (8, 73, 54, true, '2024-01-16 08:59:57');
insert into Friends (FriendID, FriendWhoAdded, FriendBeingAdded, IsAccepted, DateAdded) values (9, 81, 28, false, '2024-08-06 20:47:50');
insert into Friends (FriendID, FriendWhoAdded, FriendBeingAdded, IsAccepted, DateAdded) values (10, 27, 69, false, '2024-01-28 13:47:02');
insert into Friends (FriendID, FriendWhoAdded, FriendBeingAdded, IsAccepted, DateAdded) values (11, 100, 25, true, '2024-08-09 14:37:27');
insert into Friends (FriendID, FriendWhoAdded, FriendBeingAdded, IsAccepted, DateAdded) values (12, 85, 54, true, '2024-01-28 12:23:42');
insert into Friends (FriendID, FriendWhoAdded, FriendBeingAdded, IsAccepted, DateAdded) values (13, 22, 31, false, '2024-01-05 18:24:58');
insert into Friends (FriendID, FriendWhoAdded, FriendBeingAdded, IsAccepted, DateAdded) values (14, 27, 87, true, '2024-02-16 04:25:55');
insert into Friends (FriendID, FriendWhoAdded, FriendBeingAdded, IsAccepted, DateAdded) values (15, 8, 2, true, '2024-05-09 01:34:58');
insert into Friends (FriendID, FriendWhoAdded, FriendBeingAdded, IsAccepted, DateAdded) values (16, 4, 14, false, '2024-04-09 01:25:42');
insert into Friends (FriendID, FriendWhoAdded, FriendBeingAdded, IsAccepted, DateAdded) values (17, 83, 18, true, '2024-04-19 07:21:42');
insert into Friends (FriendID, FriendWhoAdded, FriendBeingAdded, IsAccepted, DateAdded) values (18, 82, 12, false, '2024-08-22 01:41:49');
insert into Friends (FriendID, FriendWhoAdded, FriendBeingAdded, IsAccepted, DateAdded) values (19, 45, 98, true, '2024-06-10 15:31:58');
insert into Friends (FriendID, FriendWhoAdded, FriendBeingAdded, IsAccepted, DateAdded) values (20, 61, 93, false, '2023-09-22 06:41:22');
insert into Friends (FriendID, FriendWhoAdded, FriendBeingAdded, IsAccepted, DateAdded) values (21, 63, 50, false, '2023-10-06 15:57:42');
insert into Friends (FriendID, FriendWhoAdded, FriendBeingAdded, IsAccepted, DateAdded) values (22, 40, 13, true, '2024-07-31 09:05:35');
insert into Friends (FriendID, FriendWhoAdded, FriendBeingAdded, IsAccepted, DateAdded) values (23, 44, 53, false, '2023-11-11 18:34:44');
insert into Friends (FriendID, FriendWhoAdded, FriendBeingAdded, IsAccepted, DateAdded) values (24, 41, 37, false, '2024-08-14 08:33:13');
insert into Friends (FriendID, FriendWhoAdded, FriendBeingAdded, IsAccepted, DateAdded) values (25, 24, 28, true, '2024-07-30 10:40:36');
insert into Friends (FriendID, FriendWhoAdded, FriendBeingAdded, IsAccepted, DateAdded) values (26, 89, 8, true, '2023-12-12 04:18:26');
insert into Friends (FriendID, FriendWhoAdded, FriendBeingAdded, IsAccepted, DateAdded) values (27, 57, 13, true, '2024-07-09 13:10:08');
insert into Friends (FriendID, FriendWhoAdded, FriendBeingAdded, IsAccepted, DateAdded) values (28, 10, 52, false, '2024-03-29 23:57:26');
insert into Friends (FriendID, FriendWhoAdded, FriendBeingAdded, IsAccepted, DateAdded) values (29, 91, 17, false, '2024-01-10 09:41:28');
insert into Friends (FriendID, FriendWhoAdded, FriendBeingAdded, IsAccepted, DateAdded) values (30, 94, 100, true, '2024-08-25 11:12:15');
insert into Friends (FriendID, FriendWhoAdded, FriendBeingAdded, IsAccepted, DateAdded) values (31, 59, 51, true, '2024-05-07 22:57:46');
insert into Friends (FriendID, FriendWhoAdded, FriendBeingAdded, IsAccepted, DateAdded) values (32, 65, 81, true, '2024-02-08 15:44:45');
insert into Friends (FriendID, FriendWhoAdded, FriendBeingAdded, IsAccepted, DateAdded) values (33, 40, 97, false, '2024-07-09 00:27:24');
insert into Friends (FriendID, FriendWhoAdded, FriendBeingAdded, IsAccepted, DateAdded) values (34, 38, 36, true, '2024-05-30 00:53:20');
insert into Friends (FriendID, FriendWhoAdded, FriendBeingAdded, IsAccepted, DateAdded) values (35, 98, 37, true, '2024-02-25 14:24:13');
insert into Friends (FriendID, FriendWhoAdded, FriendBeingAdded, IsAccepted, DateAdded) values (36, 80, 47, true, '2023-10-10 18:36:00');
insert into Friends (FriendID, FriendWhoAdded, FriendBeingAdded, IsAccepted, DateAdded) values (37, 16, 60, false, '2024-02-19 21:04:00');
insert into Friends (FriendID, FriendWhoAdded, FriendBeingAdded, IsAccepted, DateAdded) values (38, 6, 1, false, '2024-04-04 08:19:00');
insert into Friends (FriendID, FriendWhoAdded, FriendBeingAdded, IsAccepted, DateAdded) values (39, 20, 61, false, '2024-03-02 10:42:29');
insert into Friends (FriendID, FriendWhoAdded, FriendBeingAdded, IsAccepted, DateAdded) values (40, 68, 86, true, '2024-08-13 21:17:21');
insert into Friends (FriendID, FriendWhoAdded, FriendBeingAdded, IsAccepted, DateAdded) values (41, 91, 30, true, '2024-04-25 04:10:21');
insert into Friends (FriendID, FriendWhoAdded, FriendBeingAdded, IsAccepted, DateAdded) values (42, 64, 4, false, '2023-11-28 05:41:52');
insert into Friends (FriendID, FriendWhoAdded, FriendBeingAdded, IsAccepted, DateAdded) values (43, 78, 76, true, '2024-02-26 00:44:36');
insert into Friends (FriendID, FriendWhoAdded, FriendBeingAdded, IsAccepted, DateAdded) values (44, 47, 58, true, '2023-10-25 01:00:10');
insert into Friends (FriendID, FriendWhoAdded, FriendBeingAdded, IsAccepted, DateAdded) values (45, 44, 26, true, '2023-11-17 01:34:28');
insert into Friends (FriendID, FriendWhoAdded, FriendBeingAdded, IsAccepted, DateAdded) values (46, 39, 58, false, '2024-07-04 23:18:49');
insert into Friends (FriendID, FriendWhoAdded, FriendBeingAdded, IsAccepted, DateAdded) values (47, 51, 41, false, '2024-06-08 11:10:54');
insert into Friends (FriendID, FriendWhoAdded, FriendBeingAdded, IsAccepted, DateAdded) values (48, 93, 35, true, '2024-05-19 00:44:49');
insert into Friends (FriendID, FriendWhoAdded, FriendBeingAdded, IsAccepted, DateAdded) values (49, 13, 2, false, '2024-06-03 22:06:36');
insert into Friends (FriendID, FriendWhoAdded, FriendBeingAdded, IsAccepted, DateAdded) values (50, 80, 36, true, '2024-07-28 14:04:44');
insert into Friends (FriendID, FriendWhoAdded, FriendBeingAdded, IsAccepted, DateAdded) values (51, 100, 79, false, '2024-02-02 04:27:20');
insert into Friends (FriendID, FriendWhoAdded, FriendBeingAdded, IsAccepted, DateAdded) values (52, 100, 58, true, '2024-01-10 11:10:34');
insert into Friends (FriendID, FriendWhoAdded, FriendBeingAdded, IsAccepted, DateAdded) values (53, 42, 10, false, '2024-07-31 07:56:16');
insert into Friends (FriendID, FriendWhoAdded, FriendBeingAdded, IsAccepted, DateAdded) values (54, 28, 9, true, '2023-12-07 01:57:33');
insert into Friends (FriendID, FriendWhoAdded, FriendBeingAdded, IsAccepted, DateAdded) values (55, 6, 60, true, '2024-08-22 17:42:57');
insert into Friends (FriendID, FriendWhoAdded, FriendBeingAdded, IsAccepted, DateAdded) values (56, 37, 35, true, '2024-04-11 10:03:57');
insert into Friends (FriendID, FriendWhoAdded, FriendBeingAdded, IsAccepted, DateAdded) values (57, 50, 87, true, '2023-09-15 03:42:40');
insert into Friends (FriendID, FriendWhoAdded, FriendBeingAdded, IsAccepted, DateAdded) values (58, 76, 68, false, '2024-07-08 19:07:23');
insert into Friends (FriendID, FriendWhoAdded, FriendBeingAdded, IsAccepted, DateAdded) values (59, 71, 71, true, '2023-12-07 16:07:49');
insert into Friends (FriendID, FriendWhoAdded, FriendBeingAdded, IsAccepted, DateAdded) values (60, 26, 100, false, '2024-03-10 06:19:02');
insert into Friends (FriendID, FriendWhoAdded, FriendBeingAdded, IsAccepted, DateAdded) values (61, 3, 36, true, '2024-02-06 03:58:25');
insert into Friends (FriendID, FriendWhoAdded, FriendBeingAdded, IsAccepted, DateAdded) values (62, 72, 44, false, '2024-06-11 17:59:25');
insert into Friends (FriendID, FriendWhoAdded, FriendBeingAdded, IsAccepted, DateAdded) values (63, 19, 7, true, '2024-03-08 12:45:03');
insert into Friends (FriendID, FriendWhoAdded, FriendBeingAdded, IsAccepted, DateAdded) values (64, 75, 23, true, '2024-04-20 03:40:24');
insert into Friends (FriendID, FriendWhoAdded, FriendBeingAdded, IsAccepted, DateAdded) values (65, 19, 90, false, '2024-05-13 19:35:44');
insert into Friends (FriendID, FriendWhoAdded, FriendBeingAdded, IsAccepted, DateAdded) values (66, 74, 54, false, '2024-08-29 20:02:01');
insert into Friends (FriendID, FriendWhoAdded, FriendBeingAdded, IsAccepted, DateAdded) values (67, 45, 52, false, '2024-03-19 01:52:56');
insert into Friends (FriendID, FriendWhoAdded, FriendBeingAdded, IsAccepted, DateAdded) values (68, 17, 56, true, '2024-02-04 09:18:30');
insert into Friends (FriendID, FriendWhoAdded, FriendBeingAdded, IsAccepted, DateAdded) values (69, 68, 99, true, '2023-10-16 07:55:57');
insert into Friends (FriendID, FriendWhoAdded, FriendBeingAdded, IsAccepted, DateAdded) values (70, 54, 32, false, '2024-02-12 01:36:37');
insert into Friends (FriendID, FriendWhoAdded, FriendBeingAdded, IsAccepted, DateAdded) values (71, 23, 15, true, '2023-12-05 05:22:28');
insert into Friends (FriendID, FriendWhoAdded, FriendBeingAdded, IsAccepted, DateAdded) values (72, 66, 27, false, '2024-03-19 08:33:39');
insert into Friends (FriendID, FriendWhoAdded, FriendBeingAdded, IsAccepted, DateAdded) values (73, 31, 4, false, '2024-02-28 01:31:46');
insert into Friends (FriendID, FriendWhoAdded, FriendBeingAdded, IsAccepted, DateAdded) values (74, 78, 4, false, '2023-09-17 06:57:13');
insert into Friends (FriendID, FriendWhoAdded, FriendBeingAdded, IsAccepted, DateAdded) values (75, 70, 39, false, '2024-02-09 13:46:00');
insert into Friends (FriendID, FriendWhoAdded, FriendBeingAdded, IsAccepted, DateAdded) values (76, 84, 89, true, '2023-09-11 13:37:53');
insert into Friends (FriendID, FriendWhoAdded, FriendBeingAdded, IsAccepted, DateAdded) values (77, 76, 54, true, '2023-11-01 22:19:02');
insert into Friends (FriendID, FriendWhoAdded, FriendBeingAdded, IsAccepted, DateAdded) values (78, 91, 28, true, '2024-08-02 11:54:48');
insert into Friends (FriendID, FriendWhoAdded, FriendBeingAdded, IsAccepted, DateAdded) values (79, 3, 89, true, '2023-10-23 04:49:01');
insert into Friends (FriendID, FriendWhoAdded, FriendBeingAdded, IsAccepted, DateAdded) values (80, 25, 9, false, '2023-10-01 02:10:26');
insert into Friends (FriendID, FriendWhoAdded, FriendBeingAdded, IsAccepted, DateAdded) values (81, 93, 22, true, '2024-03-12 02:57:07');
insert into Friends (FriendID, FriendWhoAdded, FriendBeingAdded, IsAccepted, DateAdded) values (82, 19, 33, false, '2023-09-27 00:24:47');
insert into Friends (FriendID, FriendWhoAdded, FriendBeingAdded, IsAccepted, DateAdded) values (83, 3, 26, false, '2024-03-27 20:11:43');
insert into Friends (FriendID, FriendWhoAdded, FriendBeingAdded, IsAccepted, DateAdded) values (84, 59, 49, true, '2024-05-05 13:19:40');
insert into Friends (FriendID, FriendWhoAdded, FriendBeingAdded, IsAccepted, DateAdded) values (85, 33, 42, false, '2024-08-17 22:10:45');
insert into Friends (FriendID, FriendWhoAdded, FriendBeingAdded, IsAccepted, DateAdded) values (86, 77, 25, false, '2023-10-23 12:28:47');
insert into Friends (FriendID, FriendWhoAdded, FriendBeingAdded, IsAccepted, DateAdded) values (87, 95, 51, true, '2024-01-17 20:35:55');
insert into Friends (FriendID, FriendWhoAdded, FriendBeingAdded, IsAccepted, DateAdded) values (88, 48, 10, false, '2023-10-10 03:55:05');
insert into Friends (FriendID, FriendWhoAdded, FriendBeingAdded, IsAccepted, DateAdded) values (89, 51, 60, false, '2023-11-09 20:45:03');
insert into Friends (FriendID, FriendWhoAdded, FriendBeingAdded, IsAccepted, DateAdded) values (90, 38, 43, false, '2023-12-04 18:16:49');
insert into Friends (FriendID, FriendWhoAdded, FriendBeingAdded, IsAccepted, DateAdded) values (91, 33, 20, true, '2024-03-14 18:08:33');
insert into Friends (FriendID, FriendWhoAdded, FriendBeingAdded, IsAccepted, DateAdded) values (92, 4, 74, true, '2023-10-08 20:30:39');
insert into Friends (FriendID, FriendWhoAdded, FriendBeingAdded, IsAccepted, DateAdded) values (93, 76, 97, false, '2024-07-31 19:24:27');
insert into Friends (FriendID, FriendWhoAdded, FriendBeingAdded, IsAccepted, DateAdded) values (94, 75, 58, false, '2024-05-12 06:55:56');
insert into Friends (FriendID, FriendWhoAdded, FriendBeingAdded, IsAccepted, DateAdded) values (95, 4, 42, false, '2024-05-23 14:44:15');
insert into Friends (FriendID, FriendWhoAdded, FriendBeingAdded, IsAccepted, DateAdded) values (96, 78, 69, false, '2024-05-27 04:25:47');
insert into Friends (FriendID, FriendWhoAdded, FriendBeingAdded, IsAccepted, DateAdded) values (97, 27, 8, true, '2024-04-20 00:24:39');
insert into Friends (FriendID, FriendWhoAdded, FriendBeingAdded, IsAccepted, DateAdded) values (98, 90, 99, false, '2023-12-20 11:25:58');
insert into Friends (FriendID, FriendWhoAdded, FriendBeingAdded, IsAccepted, DateAdded) values (99, 50, 32, true, '2023-09-11 18:30:50');
insert into Friends (FriendID, FriendWhoAdded, FriendBeingAdded, IsAccepted, DateAdded) values (100, 45, 97, true, '2023-10-07 12:04:20');


insert into Groups (GroupID, GroupName, CreatedBy, DateAdded) values (1, 'Fuma Airport', 51, '2024-03-14 00:43:46');
insert into Groups (GroupID, GroupName, CreatedBy, DateAdded) values (2, 'Enterprise Municipal Airport', 3, '2024-01-13 04:40:44');
insert into Groups (GroupID, GroupName, CreatedBy, DateAdded) values (3, 'Hydaburg Seaplane Base', 81, '2024-04-23 07:51:19');
insert into Groups (GroupID, GroupName, CreatedBy, DateAdded) values (4, 'Clinton Municipal Airport', 26, '2024-04-19 01:41:36');
insert into Groups (GroupID, GroupName, CreatedBy, DateAdded) values (5, 'Saidpur Airport', 52, '2024-04-15 08:58:32');
insert into Groups (GroupID, GroupName, CreatedBy, DateAdded) values (6, 'Tarko-Sale Airport', 15, '2024-03-22 22:11:16');
insert into Groups (GroupID, GroupName, CreatedBy, DateAdded) values (7, 'Erdenet Airport', 70, '2024-02-18 22:41:11');
insert into Groups (GroupID, GroupName, CreatedBy, DateAdded) values (8, 'La Abraq Airport', 23, '2024-01-07 22:23:25');
insert into Groups (GroupID, GroupName, CreatedBy, DateAdded) values (9, 'Maple Bay Seaplane Base', 89, '2024-07-10 08:55:55');
insert into Groups (GroupID, GroupName, CreatedBy, DateAdded) values (10, 'El Troncal Airport', 77, '2023-12-20 09:12:16');
insert into Groups (GroupID, GroupName, CreatedBy, DateAdded) values (11, 'Mulika Lodge Airport', 75, '2024-02-04 10:43:36');
insert into Groups (GroupID, GroupName, CreatedBy, DateAdded) values (12, 'Paamiut Airport', 85, '2024-06-23 12:50:35');
insert into Groups (GroupID, GroupName, CreatedBy, DateAdded) values (13, 'Shungnak Airport', 46, '2024-05-17 09:36:42');
insert into Groups (GroupID, GroupName, CreatedBy, DateAdded) values (14, 'Puerto Escondido International Airport', 81, '2024-06-07 09:30:40');
insert into Groups (GroupID, GroupName, CreatedBy, DateAdded) values (15, 'Atkamba Airport', 13, '2023-12-24 11:32:34');
insert into Groups (GroupID, GroupName, CreatedBy, DateAdded) values (16, 'Yongai Airport', 21, '2024-03-25 01:25:52');
insert into Groups (GroupID, GroupName, CreatedBy, DateAdded) values (17, 'Kédougou Airport', 24, '2023-10-07 23:05:02');
insert into Groups (GroupID, GroupName, CreatedBy, DateAdded) values (18, 'Nikunau Airport', 88, '2023-10-31 12:46:21');
insert into Groups (GroupID, GroupName, CreatedBy, DateAdded) values (19, 'Dillant Hopkins Airport', 100, '2024-08-25 14:39:33');
insert into Groups (GroupID, GroupName, CreatedBy, DateAdded) values (20, 'Shah Amanat International Airport', 24, '2024-08-13 20:55:30');
insert into Groups (GroupID, GroupName, CreatedBy, DateAdded) values (21, 'Fuyang Xiguan Airport', 40, '2023-12-31 06:26:16');
insert into Groups (GroupID, GroupName, CreatedBy, DateAdded) values (22, 'Goondiwindi Airport', 15, '2023-12-04 11:38:09');
insert into Groups (GroupID, GroupName, CreatedBy, DateAdded) values (23, 'Dracena Airport', 11, '2024-03-16 14:34:23');
insert into Groups (GroupID, GroupName, CreatedBy, DateAdded) values (24, 'Boulsa Airport', 90, '2024-07-01 03:21:09');
insert into Groups (GroupID, GroupName, CreatedBy, DateAdded) values (25, 'Assiut International Airport', 63, '2024-05-04 01:15:31');
insert into Groups (GroupID, GroupName, CreatedBy, DateAdded) values (26, 'Yedinka Airport', 51, '2023-11-03 14:56:36');
insert into Groups (GroupID, GroupName, CreatedBy, DateAdded) values (27, 'Toccoa Airport - R.G. Letourneau Field', 24, '2023-12-09 02:57:19');
insert into Groups (GroupID, GroupName, CreatedBy, DateAdded) values (28, 'Strathmore Airport', 52, '2024-08-18 13:39:17');
insert into Groups (GroupID, GroupName, CreatedBy, DateAdded) values (29, 'Gilze Rijen Air Base', 13, '2024-04-12 19:05:59');
insert into Groups (GroupID, GroupName, CreatedBy, DateAdded) values (30, 'Angel Albino Corzo International Airport', 48, '2024-08-20 07:21:25');
insert into Groups (GroupID, GroupName, CreatedBy, DateAdded) values (31, 'Ulyanovsk East Airport', 98, '2024-01-15 11:25:23');
insert into Groups (GroupID, GroupName, CreatedBy, DateAdded) values (32, 'Dix-Sept Rosado Airport', 33, '2023-12-03 04:50:01');
insert into Groups (GroupID, GroupName, CreatedBy, DateAdded) values (33, 'Kelowna International Airport', 5, '2024-02-16 19:10:46');
insert into Groups (GroupID, GroupName, CreatedBy, DateAdded) values (34, 'De Kooy Airport', 93, '2024-04-16 07:30:40');
insert into Groups (GroupID, GroupName, CreatedBy, DateAdded) values (35, 'Lampson Field', 30, '2023-12-30 17:28:19');
insert into Groups (GroupID, GroupName, CreatedBy, DateAdded) values (36, 'Reims-Champagne (BA 112) Air Base', 77, '2024-08-13 20:50:51');
insert into Groups (GroupID, GroupName, CreatedBy, DateAdded) values (37, 'Savonlinna Airport', 56, '2024-02-14 21:48:17');
insert into Groups (GroupID, GroupName, CreatedBy, DateAdded) values (38, 'Walnut Ridge Regional Airport', 35, '2023-12-21 22:00:08');
insert into Groups (GroupID, GroupName, CreatedBy, DateAdded) values (39, 'Mc Cook Ben Nelson Regional Airport', 62, '2023-11-06 07:25:23');
insert into Groups (GroupID, GroupName, CreatedBy, DateAdded) values (40, 'Daet Airport', 7, '2024-01-19 10:47:51');
insert into Groups (GroupID, GroupName, CreatedBy, DateAdded) values (41, 'Longjia Airport', 40, '2024-04-18 04:12:47');
insert into Groups (GroupID, GroupName, CreatedBy, DateAdded) values (42, 'Noumérat - Moufdi Zakaria Airport', 47, '2024-05-04 15:16:28');
insert into Groups (GroupID, GroupName, CreatedBy, DateAdded) values (43, 'Waukegan National Airport', 46, '2024-07-08 16:19:32');
insert into Groups (GroupID, GroupName, CreatedBy, DateAdded) values (44, 'Sherbrooke Airport', 74, '2024-01-30 00:13:45');
insert into Groups (GroupID, GroupName, CreatedBy, DateAdded) values (45, 'São Borja Airport', 29, '2023-10-17 01:30:49');
insert into Groups (GroupID, GroupName, CreatedBy, DateAdded) values (46, 'Bremerhaven Airport', 45, '2024-06-22 02:14:17');
insert into Groups (GroupID, GroupName, CreatedBy, DateAdded) values (47, 'Louis Trichardt Airport', 47, '2024-01-28 12:05:33');
insert into Groups (GroupID, GroupName, CreatedBy, DateAdded) values (48, 'Binaka Airport', 37, '2024-08-04 03:35:18');
insert into Groups (GroupID, GroupName, CreatedBy, DateAdded) values (49, 'Bemichi Airport', 59, '2024-06-09 10:09:38');
insert into Groups (GroupID, GroupName, CreatedBy, DateAdded) values (50, 'Chub Cay Airport', 20, '2024-01-09 04:39:26');
insert into Groups (GroupID, GroupName, CreatedBy, DateAdded) values (51, 'Salerno Costa d''Amalfi Airport', 17, '2023-10-27 09:49:25');
insert into Groups (GroupID, GroupName, CreatedBy, DateAdded) values (52, 'São Félix do Xingu Airport', 15, '2024-08-26 02:12:33');
insert into Groups (GroupID, GroupName, CreatedBy, DateAdded) values (53, 'Port Menier Airport', 34, '2023-09-21 11:06:18');
insert into Groups (GroupID, GroupName, CreatedBy, DateAdded) values (54, 'El Trompillo Airport', 79, '2024-06-06 00:19:21');
insert into Groups (GroupID, GroupName, CreatedBy, DateAdded) values (55, 'Russian Mission Airport', 30, '2024-01-10 17:02:12');
insert into Groups (GroupID, GroupName, CreatedBy, DateAdded) values (56, 'Tiom Airport', 68, '2024-03-08 10:47:15');
insert into Groups (GroupID, GroupName, CreatedBy, DateAdded) values (57, 'Island Lake Airport', 30, '2024-06-18 02:20:25');
insert into Groups (GroupID, GroupName, CreatedBy, DateAdded) values (58, 'Ar Horqin Airport', 55, '2023-12-04 00:57:53');
insert into Groups (GroupID, GroupName, CreatedBy, DateAdded) values (59, 'Daru Airport', 46, '2023-10-14 11:00:31');
insert into Groups (GroupID, GroupName, CreatedBy, DateAdded) values (60, 'Cowarie Airport', 20, '2024-04-10 15:08:28');
insert into Groups (GroupID, GroupName, CreatedBy, DateAdded) values (61, 'Edward G. Pitka Sr Airport', 56, '2023-11-25 04:21:12');
insert into Groups (GroupID, GroupName, CreatedBy, DateAdded) values (62, 'Morristown Municipal Airport', 26, '2024-06-24 02:46:51');
insert into Groups (GroupID, GroupName, CreatedBy, DateAdded) values (63, 'Haugesund Airport', 65, '2024-04-03 13:10:05');
insert into Groups (GroupID, GroupName, CreatedBy, DateAdded) values (64, 'Provideniya Bay Airport', 76, '2024-08-22 04:35:56');
insert into Groups (GroupID, GroupName, CreatedBy, DateAdded) values (65, 'Mahana Airport', 82, '2023-12-10 14:45:41');
insert into Groups (GroupID, GroupName, CreatedBy, DateAdded) values (66, 'Pupelde Airport', 22, '2024-06-16 16:49:23');
insert into Groups (GroupID, GroupName, CreatedBy, DateAdded) values (67, 'Berlin Regional Airport', 32, '2024-07-03 14:39:14');
insert into Groups (GroupID, GroupName, CreatedBy, DateAdded) values (68, 'Khark Island Airport', 76, '2024-04-09 14:08:09');
insert into Groups (GroupID, GroupName, CreatedBy, DateAdded) values (69, 'Ardmore Downtown Executive Airport', 12, '2023-12-18 07:40:56');
insert into Groups (GroupID, GroupName, CreatedBy, DateAdded) values (70, 'Yellowstone Airport', 8, '2024-08-03 20:21:29');
insert into Groups (GroupID, GroupName, CreatedBy, DateAdded) values (71, 'Warukin Airport', 73, '2023-11-02 11:27:16');
insert into Groups (GroupID, GroupName, CreatedBy, DateAdded) values (72, 'Laurence G Hanscom Field', 27, '2023-12-01 11:43:44');
insert into Groups (GroupID, GroupName, CreatedBy, DateAdded) values (73, 'Jamestown Regional Airport', 28, '2023-12-10 05:47:24');
insert into Groups (GroupID, GroupName, CreatedBy, DateAdded) values (74, 'Wayne County Airport', 29, '2024-05-29 22:55:38');
insert into Groups (GroupID, GroupName, CreatedBy, DateAdded) values (75, 'Novy Urengoy Airport', 74, '2023-11-24 07:56:56');
insert into Groups (GroupID, GroupName, CreatedBy, DateAdded) values (76, 'Kondobol Airport', 72, '2024-03-02 19:39:01');
insert into Groups (GroupID, GroupName, CreatedBy, DateAdded) values (77, 'Ngala Airport', 7, '2023-11-10 14:14:30');
insert into Groups (GroupID, GroupName, CreatedBy, DateAdded) values (78, 'Newtok Airport', 38, '2024-04-04 16:34:13');
insert into Groups (GroupID, GroupName, CreatedBy, DateAdded) values (79, 'Woodbourne Airport', 66, '2024-07-07 11:32:17');
insert into Groups (GroupID, GroupName, CreatedBy, DateAdded) values (80, 'Port Menier Airport', 90, '2024-06-29 13:27:21');
insert into Groups (GroupID, GroupName, CreatedBy, DateAdded) values (81, 'Hengyang Nanyue Airport', 62, '2024-07-31 05:25:07');
insert into Groups (GroupID, GroupName, CreatedBy, DateAdded) values (82, 'Qamdo Bangda Airport', 85, '2024-03-30 16:05:30');
insert into Groups (GroupID, GroupName, CreatedBy, DateAdded) values (83, 'San Juan de Marcona Airport', 65, '2024-02-17 10:19:46');
insert into Groups (GroupID, GroupName, CreatedBy, DateAdded) values (84, 'Hartley Bay Seaplane Base', 47, '2024-01-11 04:28:59');
insert into Groups (GroupID, GroupName, CreatedBy, DateAdded) values (85, 'Port Alfred Airport', 73, '2023-09-09 19:40:16');
insert into Groups (GroupID, GroupName, CreatedBy, DateAdded) values (86, 'Dr.Juan C. Angara Airport', 19, '2023-10-09 12:14:44');
insert into Groups (GroupID, GroupName, CreatedBy, DateAdded) values (87, 'Ukunda Airstrip', 98, '2024-01-23 04:48:16');
insert into Groups (GroupID, GroupName, CreatedBy, DateAdded) values (88, 'Sialum Airport', 54, '2023-09-23 15:57:14');
insert into Groups (GroupID, GroupName, CreatedBy, DateAdded) values (89, 'Alice Springs Airport', 67, '2024-01-08 12:25:31');
insert into Groups (GroupID, GroupName, CreatedBy, DateAdded) values (90, 'Dewadaru - Kemujan Island', 80, '2024-07-07 20:13:49');
insert into Groups (GroupID, GroupName, CreatedBy, DateAdded) values (91, 'Nhon Co Airfield', 36, '2024-06-15 19:28:05');
insert into Groups (GroupID, GroupName, CreatedBy, DateAdded) values (92, 'Ernabella Airport', 77, '2024-01-01 16:39:25');
insert into Groups (GroupID, GroupName, CreatedBy, DateAdded) values (93, 'Buluh Tumbang (H A S Hanandjoeddin) Airport', 97, '2024-01-01 06:29:08');
insert into Groups (GroupID, GroupName, CreatedBy, DateAdded) values (94, 'Madison Municipal Airport', 5, '2024-09-03 10:03:19');
insert into Groups (GroupID, GroupName, CreatedBy, DateAdded) values (95, 'Bamarni Airport', 84, '2024-01-06 13:59:54');
insert into Groups (GroupID, GroupName, CreatedBy, DateAdded) values (96, 'Port Graham Airport', 23, '2024-08-07 13:10:56');
insert into Groups (GroupID, GroupName, CreatedBy, DateAdded) values (97, 'Dothan Regional Airport', 74, '2023-11-08 21:44:44');
insert into Groups (GroupID, GroupName, CreatedBy, DateAdded) values (98, 'Guymon Municipal Airport', 81, '2024-01-14 02:23:09');
insert into Groups (GroupID, GroupName, CreatedBy, DateAdded) values (99, 'Kalibo International Airport', 63, '2023-11-04 11:28:51');
insert into Groups (GroupID, GroupName, CreatedBy, DateAdded) values (100, 'Augusta State Airport', 57, '2024-07-30 12:13:33');

insert into Posts (PostID, PostDescription, PostedBy, IsPublic, IsOnlyForFriends, GroupID, DatePosted) values (1, 'morbi odio odio elementum eu interdum eu tincidunt in leo maecenas pulvinar lobortis est phasellus sit amet erat', 64, true, false, 69, '2024-02-14 11:21:09');
insert into Posts (PostID, PostDescription, PostedBy, IsPublic, IsOnlyForFriends, GroupID, DatePosted) values (2, 'erat fermentum justo nec condimentum neque sapien placerat ante nulla justo aliquam', 38, false, false, 53, '2024-04-30 20:19:04');
insert into Posts (PostID, PostDescription, PostedBy, IsPublic, IsOnlyForFriends, GroupID, DatePosted) values (3, 'integer ac neque duis bibendum morbi non quam nec dui luctus rutrum', 18, false, false, 25, '2024-07-30 16:12:48');
insert into Posts (PostID, PostDescription, PostedBy, IsPublic, IsOnlyForFriends, GroupID, DatePosted) values (4, 'donec posuere metus vitae ipsum aliquam non mauris morbi non lectus aliquam sit amet', 90, false, false, 71, '2023-10-04 08:32:47');
insert into Posts (PostID, PostDescription, PostedBy, IsPublic, IsOnlyForFriends, GroupID, DatePosted) values (5, 'odio elementum eu interdum eu tincidunt in leo maecenas pulvinar lobortis est phasellus sit amet', 59, true, false, 77, '2023-10-18 20:27:46');
insert into Posts (PostID, PostDescription, PostedBy, IsPublic, IsOnlyForFriends, GroupID, DatePosted) values (6, 'sapien dignissim vestibulum vestibulum ante ipsum primis in faucibus orci luctus et', 86, true, false, 19, '2023-09-30 16:04:08');
insert into Posts (PostID, PostDescription, PostedBy, IsPublic, IsOnlyForFriends, GroupID, DatePosted) values (7, 'augue luctus tincidunt nulla mollis molestie lorem quisque ut erat curabitur gravida', 46, true, true, 96, '2024-03-02 13:01:55');
insert into Posts (PostID, PostDescription, PostedBy, IsPublic, IsOnlyForFriends, GroupID, DatePosted) values (8, 'sit amet sem fusce consequat nulla nisl nunc nisl duis bibendum felis sed interdum', 23, true, false, 46, '2024-01-10 15:00:29');
insert into Posts (PostID, PostDescription, PostedBy, IsPublic, IsOnlyForFriends, GroupID, DatePosted) values (9, 'montes nascetur ridiculus mus vivamus vestibulum sagittis sapien cum sociis natoque', 57, true, true, 5, '2024-06-08 19:04:11');
insert into Posts (PostID, PostDescription, PostedBy, IsPublic, IsOnlyForFriends, GroupID, DatePosted) values (10, 'praesent lectus vestibulum quam sapien varius ut blandit non interdum in', 74, false, false, 50, '2024-01-30 00:31:58');
insert into Posts (PostID, PostDescription, PostedBy, IsPublic, IsOnlyForFriends, GroupID, DatePosted) values (11, 'donec vitae nisi nam ultrices libero non mattis pulvinar nulla pede ullamcorper augue a suscipit nulla elit ac nulla', 53, true, true, 43, '2024-03-17 11:22:36');
insert into Posts (PostID, PostDescription, PostedBy, IsPublic, IsOnlyForFriends, GroupID, DatePosted) values (12, 'aliquam convallis nunc proin at turpis a pede posuere nonummy integer non velit donec diam neque vestibulum eget', 10, false, true, 16, '2024-05-13 10:36:09');
insert into Posts (PostID, PostDescription, PostedBy, IsPublic, IsOnlyForFriends, GroupID, DatePosted) values (13, 'lorem id ligula suspendisse ornare consequat lectus in est risus auctor sed tristique in tempus', 12, false, false, 6, '2024-05-27 15:16:30');
insert into Posts (PostID, PostDescription, PostedBy, IsPublic, IsOnlyForFriends, GroupID, DatePosted) values (14, 'congue diam id ornare imperdiet sapien urna pretium nisl ut volutpat sapien arcu sed augue aliquam erat volutpat in', 11, false, true, 6, '2023-11-23 01:06:50');
insert into Posts (PostID, PostDescription, PostedBy, IsPublic, IsOnlyForFriends, GroupID, DatePosted) values (15, 'orci vehicula condimentum curabitur in libero ut massa volutpat convallis morbi odio odio elementum eu interdum', 31, true, true, 51, '2024-07-12 18:51:07');
insert into Posts (PostID, PostDescription, PostedBy, IsPublic, IsOnlyForFriends, GroupID, DatePosted) values (16, 'mi sit amet lobortis sapien sapien non mi integer ac neque duis', 29, false, true, 90, '2024-08-16 19:59:16');
insert into Posts (PostID, PostDescription, PostedBy, IsPublic, IsOnlyForFriends, GroupID, DatePosted) values (17, 'in tempor turpis nec euismod scelerisque quam turpis adipiscing lorem', 48, true, true, 91, '2024-08-21 04:17:08');
insert into Posts (PostID, PostDescription, PostedBy, IsPublic, IsOnlyForFriends, GroupID, DatePosted) values (18, 'nonummy integer non velit donec diam neque vestibulum eget vulputate', 90, true, true, 92, '2023-11-06 18:24:33');
insert into Posts (PostID, PostDescription, PostedBy, IsPublic, IsOnlyForFriends, GroupID, DatePosted) values (19, 'ac neque duis bibendum morbi non quam nec dui luctus rutrum nulla tellus in sagittis dui vel nisl', 29, false, false, 48, '2023-09-09 06:23:53');
insert into Posts (PostID, PostDescription, PostedBy, IsPublic, IsOnlyForFriends, GroupID, DatePosted) values (20, 'vivamus in felis eu sapien cursus vestibulum proin eu mi', 19, false, true, 20, '2024-04-30 21:12:35');
insert into Posts (PostID, PostDescription, PostedBy, IsPublic, IsOnlyForFriends, GroupID, DatePosted) values (21, 'orci pede venenatis non sodales sed tincidunt eu felis fusce posuere felis sed lacus morbi sem', 100, false, false, 96, '2024-04-27 18:48:26');
insert into Posts (PostID, PostDescription, PostedBy, IsPublic, IsOnlyForFriends, GroupID, DatePosted) values (22, 'platea dictumst maecenas ut massa quis augue luctus tincidunt nulla mollis molestie lorem quisque ut erat curabitur gravida', 65, false, true, 34, '2023-09-15 09:09:56');
insert into Posts (PostID, PostDescription, PostedBy, IsPublic, IsOnlyForFriends, GroupID, DatePosted) values (23, 'ac est lacinia nisi venenatis tristique fusce congue diam id ornare imperdiet sapien urna pretium nisl', 10, false, false, 86, '2023-09-18 22:26:14');
insert into Posts (PostID, PostDescription, PostedBy, IsPublic, IsOnlyForFriends, GroupID, DatePosted) values (24, 'morbi vestibulum velit id pretium iaculis diam erat fermentum justo nec condimentum neque', 35, true, false, 37, '2023-12-06 22:39:53');
insert into Posts (PostID, PostDescription, PostedBy, IsPublic, IsOnlyForFriends, GroupID, DatePosted) values (25, 'vulputate elementum nullam varius nulla facilisi cras non velit nec nisi vulputate nonummy maecenas tincidunt lacus at velit', 37, false, false, 78, '2024-07-24 04:27:39');
insert into Posts (PostID, PostDescription, PostedBy, IsPublic, IsOnlyForFriends, GroupID, DatePosted) values (26, 'amet diam in magna bibendum imperdiet nullam orci pede venenatis', 45, false, true, 4, '2024-01-22 18:59:07');
insert into Posts (PostID, PostDescription, PostedBy, IsPublic, IsOnlyForFriends, GroupID, DatePosted) values (27, 'feugiat non pretium quis lectus suspendisse potenti in eleifend quam a odio in hac', 46, false, true, 93, '2024-05-07 02:39:50');
insert into Posts (PostID, PostDescription, PostedBy, IsPublic, IsOnlyForFriends, GroupID, DatePosted) values (28, 'lectus in quam fringilla rhoncus mauris enim leo rhoncus sed vestibulum sit amet cursus id turpis', 44, false, true, 7, '2024-06-30 17:40:21');
insert into Posts (PostID, PostDescription, PostedBy, IsPublic, IsOnlyForFriends, GroupID, DatePosted) values (29, 'ultrices libero non mattis pulvinar nulla pede ullamcorper augue a suscipit nulla elit', 79, true, true, 75, '2023-09-08 01:39:57');
insert into Posts (PostID, PostDescription, PostedBy, IsPublic, IsOnlyForFriends, GroupID, DatePosted) values (30, 'nisi vulputate nonummy maecenas tincidunt lacus at velit vivamus vel nulla eget eros elementum', 37, false, true, 60, '2023-12-28 16:21:15');
insert into Posts (PostID, PostDescription, PostedBy, IsPublic, IsOnlyForFriends, GroupID, DatePosted) values (31, 'congue diam id ornare imperdiet sapien urna pretium nisl ut volutpat sapien arcu sed augue aliquam erat volutpat in congue', 37, true, false, 53, '2023-09-20 06:33:34');
insert into Posts (PostID, PostDescription, PostedBy, IsPublic, IsOnlyForFriends, GroupID, DatePosted) values (32, 'convallis nunc proin at turpis a pede posuere nonummy integer non', 27, true, true, 68, '2024-05-17 12:24:12');
insert into Posts (PostID, PostDescription, PostedBy, IsPublic, IsOnlyForFriends, GroupID, DatePosted) values (33, 'donec posuere metus vitae ipsum aliquam non mauris morbi non', 44, false, true, 86, '2024-06-29 19:17:41');
insert into Posts (PostID, PostDescription, PostedBy, IsPublic, IsOnlyForFriends, GroupID, DatePosted) values (34, 'integer tincidunt ante vel ipsum praesent blandit lacinia erat vestibulum sed', 51, true, true, 17, '2023-10-13 19:11:47');
insert into Posts (PostID, PostDescription, PostedBy, IsPublic, IsOnlyForFriends, GroupID, DatePosted) values (35, 'vel lectus in quam fringilla rhoncus mauris enim leo rhoncus', 27, false, false, 87, '2024-07-06 02:09:37');
insert into Posts (PostID, PostDescription, PostedBy, IsPublic, IsOnlyForFriends, GroupID, DatePosted) values (36, 'tincidunt eu felis fusce posuere felis sed lacus morbi sem mauris laoreet ut rhoncus aliquet pulvinar sed nisl', 31, true, true, 1, '2023-11-24 11:00:59');
insert into Posts (PostID, PostDescription, PostedBy, IsPublic, IsOnlyForFriends, GroupID, DatePosted) values (37, 'vel pede morbi porttitor lorem id ligula suspendisse ornare consequat lectus in', 37, true, true, 42, '2023-09-10 03:27:11');
insert into Posts (PostID, PostDescription, PostedBy, IsPublic, IsOnlyForFriends, GroupID, DatePosted) values (38, 'habitasse platea dictumst maecenas ut massa quis augue luctus tincidunt nulla', 94, false, false, 20, '2023-12-21 01:20:00');
insert into Posts (PostID, PostDescription, PostedBy, IsPublic, IsOnlyForFriends, GroupID, DatePosted) values (39, 'magna vulputate luctus cum sociis natoque penatibus et magnis dis parturient montes nascetur ridiculus mus vivamus vestibulum sagittis sapien cum', 78, true, false, 98, '2023-11-14 23:46:52');
insert into Posts (PostID, PostDescription, PostedBy, IsPublic, IsOnlyForFriends, GroupID, DatePosted) values (40, 'sollicitudin mi sit amet lobortis sapien sapien non mi integer ac neque duis bibendum morbi non', 6, true, false, 47, '2024-03-30 02:12:16');
insert into Posts (PostID, PostDescription, PostedBy, IsPublic, IsOnlyForFriends, GroupID, DatePosted) values (41, 'at lorem integer tincidunt ante vel ipsum praesent blandit lacinia erat vestibulum sed magna at nunc commodo placerat praesent blandit', 68, true, false, 93, '2024-06-18 01:39:49');
insert into Posts (PostID, PostDescription, PostedBy, IsPublic, IsOnlyForFriends, GroupID, DatePosted) values (42, 'dui vel sem sed sagittis nam congue risus semper porta volutpat quam pede lobortis ligula sit amet eleifend pede', 63, true, false, 65, '2023-09-12 16:40:15');
insert into Posts (PostID, PostDescription, PostedBy, IsPublic, IsOnlyForFriends, GroupID, DatePosted) values (43, 'quam pharetra magna ac consequat metus sapien ut nunc vestibulum ante ipsum primis in faucibus orci luctus et ultrices', 87, false, true, 66, '2023-12-15 05:57:28');
insert into Posts (PostID, PostDescription, PostedBy, IsPublic, IsOnlyForFriends, GroupID, DatePosted) values (44, 'luctus et ultrices posuere cubilia curae donec pharetra magna vestibulum aliquet ultrices erat tortor sollicitudin mi sit amet', 65, true, false, 28, '2024-05-11 05:16:05');
insert into Posts (PostID, PostDescription, PostedBy, IsPublic, IsOnlyForFriends, GroupID, DatePosted) values (45, 'parturient montes nascetur ridiculus mus etiam vel augue vestibulum rutrum rutrum neque', 29, true, false, 38, '2024-04-11 20:16:39');
insert into Posts (PostID, PostDescription, PostedBy, IsPublic, IsOnlyForFriends, GroupID, DatePosted) values (46, 'libero convallis eget eleifend luctus ultricies eu nibh quisque id justo sit amet sapien', 23, false, false, 37, '2024-01-12 07:27:43');
insert into Posts (PostID, PostDescription, PostedBy, IsPublic, IsOnlyForFriends, GroupID, DatePosted) values (47, 'vel nulla eget eros elementum pellentesque quisque porta volutpat erat quisque erat eros', 58, true, true, 77, '2024-07-03 15:01:21');
insert into Posts (PostID, PostDescription, PostedBy, IsPublic, IsOnlyForFriends, GroupID, DatePosted) values (48, 'leo maecenas pulvinar lobortis est phasellus sit amet erat nulla tempus vivamus in felis eu sapien cursus', 53, true, true, 5, '2024-06-03 18:35:34');
insert into Posts (PostID, PostDescription, PostedBy, IsPublic, IsOnlyForFriends, GroupID, DatePosted) values (49, 'adipiscing molestie hendrerit at vulputate vitae nisl aenean lectus pellentesque', 48, true, true, 80, '2023-10-21 00:25:36');
insert into Posts (PostID, PostDescription, PostedBy, IsPublic, IsOnlyForFriends, GroupID, DatePosted) values (50, 'lorem integer tincidunt ante vel ipsum praesent blandit lacinia erat vestibulum sed', 75, false, true, 27, '2024-02-19 11:24:32');
insert into Posts (PostID, PostDescription, PostedBy, IsPublic, IsOnlyForFriends, GroupID, DatePosted) values (51, 'pellentesque ultrices phasellus id sapien in sapien iaculis congue vivamus metus arcu adipiscing molestie hendrerit', 21, true, false, 19, '2023-11-21 02:04:30');
insert into Posts (PostID, PostDescription, PostedBy, IsPublic, IsOnlyForFriends, GroupID, DatePosted) values (52, 'blandit non interdum in ante vestibulum ante ipsum primis in faucibus orci luctus et ultrices', 36, false, false, 39, '2024-02-29 17:36:41');
insert into Posts (PostID, PostDescription, PostedBy, IsPublic, IsOnlyForFriends, GroupID, DatePosted) values (53, 'sit amet erat nulla tempus vivamus in felis eu sapien cursus vestibulum proin eu mi nulla ac enim', 88, true, false, 31, '2024-04-21 12:26:40');
insert into Posts (PostID, PostDescription, PostedBy, IsPublic, IsOnlyForFriends, GroupID, DatePosted) values (54, 'gravida sem praesent id massa id nisl venenatis lacinia aenean sit amet justo morbi ut odio cras mi pede malesuada', 86, false, true, 29, '2024-08-12 10:58:37');
insert into Posts (PostID, PostDescription, PostedBy, IsPublic, IsOnlyForFriends, GroupID, DatePosted) values (55, 'ac enim in tempor turpis nec euismod scelerisque quam turpis adipiscing lorem', 73, false, false, 83, '2023-12-20 09:05:32');
insert into Posts (PostID, PostDescription, PostedBy, IsPublic, IsOnlyForFriends, GroupID, DatePosted) values (56, 'interdum mauris non ligula pellentesque ultrices phasellus id sapien in sapien iaculis', 77, false, true, 38, '2024-08-22 10:19:15');
insert into Posts (PostID, PostDescription, PostedBy, IsPublic, IsOnlyForFriends, GroupID, DatePosted) values (57, 'eu magna vulputate luctus cum sociis natoque penatibus et magnis dis parturient montes nascetur ridiculus mus vivamus', 57, true, true, 40, '2024-06-10 09:30:17');
insert into Posts (PostID, PostDescription, PostedBy, IsPublic, IsOnlyForFriends, GroupID, DatePosted) values (58, 'rutrum rutrum neque aenean auctor gravida sem praesent id massa id nisl venenatis', 19, false, true, 73, '2023-12-06 13:39:30');
insert into Posts (PostID, PostDescription, PostedBy, IsPublic, IsOnlyForFriends, GroupID, DatePosted) values (59, 'quam pharetra magna ac consequat metus sapien ut nunc vestibulum ante ipsum primis in faucibus orci luctus', 16, true, true, 9, '2024-03-14 15:51:29');
insert into Posts (PostID, PostDescription, PostedBy, IsPublic, IsOnlyForFriends, GroupID, DatePosted) values (60, 'in imperdiet et commodo vulputate justo in blandit ultrices enim lorem ipsum dolor sit amet', 19, false, false, 54, '2024-08-22 05:57:13');
insert into Posts (PostID, PostDescription, PostedBy, IsPublic, IsOnlyForFriends, GroupID, DatePosted) values (61, 'volutpat eleifend donec ut dolor morbi vel lectus in quam fringilla rhoncus mauris enim leo rhoncus sed vestibulum', 78, true, false, 14, '2024-02-26 14:58:58');
insert into Posts (PostID, PostDescription, PostedBy, IsPublic, IsOnlyForFriends, GroupID, DatePosted) values (62, 'ipsum dolor sit amet consectetuer adipiscing elit proin risus praesent', 7, false, false, 26, '2024-05-01 22:39:50');
insert into Posts (PostID, PostDescription, PostedBy, IsPublic, IsOnlyForFriends, GroupID, DatePosted) values (63, 'massa id nisl venenatis lacinia aenean sit amet justo morbi ut odio cras mi', 88, false, false, 17, '2024-08-06 09:20:52');
insert into Posts (PostID, PostDescription, PostedBy, IsPublic, IsOnlyForFriends, GroupID, DatePosted) values (64, 'odio odio elementum eu interdum eu tincidunt in leo maecenas pulvinar lobortis est', 67, false, false, 85, '2024-04-17 19:56:32');
insert into Posts (PostID, PostDescription, PostedBy, IsPublic, IsOnlyForFriends, GroupID, DatePosted) values (65, 'tincidunt lacus at velit vivamus vel nulla eget eros elementum pellentesque quisque porta volutpat erat', 94, false, true, 69, '2023-10-13 09:05:40');
insert into Posts (PostID, PostDescription, PostedBy, IsPublic, IsOnlyForFriends, GroupID, DatePosted) values (66, 'quis orci nullam molestie nibh in lectus pellentesque at nulla suspendisse potenti', 95, false, true, 28, '2024-04-13 15:46:00');
insert into Posts (PostID, PostDescription, PostedBy, IsPublic, IsOnlyForFriends, GroupID, DatePosted) values (67, 'consequat dui nec nisi volutpat eleifend donec ut dolor morbi vel lectus in quam fringilla rhoncus mauris enim leo rhoncus', 69, true, true, 29, '2024-06-17 20:16:00');
insert into Posts (PostID, PostDescription, PostedBy, IsPublic, IsOnlyForFriends, GroupID, DatePosted) values (68, 'vestibulum rutrum rutrum neque aenean auctor gravida sem praesent id massa id nisl venenatis', 39, false, true, 36, '2023-12-21 21:39:54');
insert into Posts (PostID, PostDescription, PostedBy, IsPublic, IsOnlyForFriends, GroupID, DatePosted) values (69, 'nulla tellus in sagittis dui vel nisl duis ac nibh', 4, false, false, 96, '2024-07-30 13:33:31');
insert into Posts (PostID, PostDescription, PostedBy, IsPublic, IsOnlyForFriends, GroupID, DatePosted) values (70, 'volutpat erat quisque erat eros viverra eget congue eget semper rutrum nulla nunc purus phasellus in felis donec semper sapien', 23, false, false, 35, '2024-02-10 06:39:56');
insert into Posts (PostID, PostDescription, PostedBy, IsPublic, IsOnlyForFriends, GroupID, DatePosted) values (71, 'interdum mauris ullamcorper purus sit amet nulla quisque arcu libero rutrum ac lobortis vel dapibus at', 51, true, true, 34, '2023-09-15 19:38:01');
insert into Posts (PostID, PostDescription, PostedBy, IsPublic, IsOnlyForFriends, GroupID, DatePosted) values (72, 'curabitur convallis duis consequat dui nec nisi volutpat eleifend donec ut dolor', 85, true, true, 43, '2024-08-06 16:28:14');
insert into Posts (PostID, PostDescription, PostedBy, IsPublic, IsOnlyForFriends, GroupID, DatePosted) values (73, 'odio elementum eu interdum eu tincidunt in leo maecenas pulvinar lobortis est phasellus', 36, false, false, 52, '2024-07-07 21:23:30');
insert into Posts (PostID, PostDescription, PostedBy, IsPublic, IsOnlyForFriends, GroupID, DatePosted) values (74, 'primis in faucibus orci luctus et ultrices posuere cubilia curae mauris viverra diam vitae quam', 41, false, false, 44, '2023-10-24 05:52:49');
insert into Posts (PostID, PostDescription, PostedBy, IsPublic, IsOnlyForFriends, GroupID, DatePosted) values (75, 'a ipsum integer a nibh in quis justo maecenas rhoncus aliquam', 33, true, false, 87, '2023-11-09 04:28:27');
insert into Posts (PostID, PostDescription, PostedBy, IsPublic, IsOnlyForFriends, GroupID, DatePosted) values (76, 'posuere cubilia curae donec pharetra magna vestibulum aliquet ultrices erat tortor sollicitudin mi sit amet', 60, false, false, 15, '2024-03-17 02:06:35');
insert into Posts (PostID, PostDescription, PostedBy, IsPublic, IsOnlyForFriends, GroupID, DatePosted) values (77, 'nulla ut erat id mauris vulputate elementum nullam varius nulla facilisi cras non', 99, false, false, 99, '2024-01-16 16:18:11');
insert into Posts (PostID, PostDescription, PostedBy, IsPublic, IsOnlyForFriends, GroupID, DatePosted) values (78, 'augue vel accumsan tellus nisi eu orci mauris lacinia sapien quis', 92, false, true, 25, '2023-10-03 01:17:14');
insert into Posts (PostID, PostDescription, PostedBy, IsPublic, IsOnlyForFriends, GroupID, DatePosted) values (79, 'volutpat sapien arcu sed augue aliquam erat volutpat in congue etiam justo etiam pretium iaculis', 65, false, true, 67, '2023-12-09 03:26:25');
insert into Posts (PostID, PostDescription, PostedBy, IsPublic, IsOnlyForFriends, GroupID, DatePosted) values (80, 'sem praesent id massa id nisl venenatis lacinia aenean sit amet justo morbi ut', 73, true, true, 29, '2024-06-30 10:26:53');
insert into Posts (PostID, PostDescription, PostedBy, IsPublic, IsOnlyForFriends, GroupID, DatePosted) values (81, 'lacinia nisi venenatis tristique fusce congue diam id ornare imperdiet sapien urna pretium nisl ut volutpat sapien arcu sed', 36, true, false, 2, '2024-06-19 00:22:21');
insert into Posts (PostID, PostDescription, PostedBy, IsPublic, IsOnlyForFriends, GroupID, DatePosted) values (82, 'vel pede morbi porttitor lorem id ligula suspendisse ornare consequat', 84, false, false, 43, '2024-07-07 00:04:02');
insert into Posts (PostID, PostDescription, PostedBy, IsPublic, IsOnlyForFriends, GroupID, DatePosted) values (83, 'in blandit ultrices enim lorem ipsum dolor sit amet consectetuer adipiscing elit proin interdum', 22, false, true, 98, '2024-03-01 16:20:45');
insert into Posts (PostID, PostDescription, PostedBy, IsPublic, IsOnlyForFriends, GroupID, DatePosted) values (84, 'bibendum morbi non quam nec dui luctus rutrum nulla tellus in sagittis dui vel', 57, false, false, 37, '2024-04-04 23:25:50');
insert into Posts (PostID, PostDescription, PostedBy, IsPublic, IsOnlyForFriends, GroupID, DatePosted) values (85, 'non mauris morbi non lectus aliquam sit amet diam in magna bibendum imperdiet nullam orci', 78, false, true, 67, '2023-12-22 09:40:48');
insert into Posts (PostID, PostDescription, PostedBy, IsPublic, IsOnlyForFriends, GroupID, DatePosted) values (86, 'platea dictumst etiam faucibus cursus urna ut tellus nulla ut erat id mauris vulputate elementum nullam varius nulla facilisi', 58, false, false, 17, '2024-07-12 01:38:42');
insert into Posts (PostID, PostDescription, PostedBy, IsPublic, IsOnlyForFriends, GroupID, DatePosted) values (87, 'nunc proin at turpis a pede posuere nonummy integer non', 62, false, false, 9, '2024-07-21 07:04:03');
insert into Posts (PostID, PostDescription, PostedBy, IsPublic, IsOnlyForFriends, GroupID, DatePosted) values (88, 'consequat varius integer ac leo pellentesque ultrices mattis odio donec vitae nisi nam ultrices libero non mattis pulvinar nulla', 36, false, true, 99, '2024-05-28 19:10:58');
insert into Posts (PostID, PostDescription, PostedBy, IsPublic, IsOnlyForFriends, GroupID, DatePosted) values (89, 'sit amet lobortis sapien sapien non mi integer ac neque duis bibendum morbi non quam nec dui luctus rutrum', 5, false, false, 1, '2024-05-31 02:54:14');
insert into Posts (PostID, PostDescription, PostedBy, IsPublic, IsOnlyForFriends, GroupID, DatePosted) values (90, 'sapien varius ut blandit non interdum in ante vestibulum ante ipsum primis in faucibus orci luctus et ultrices', 61, false, false, 17, '2024-03-26 09:40:31');
insert into Posts (PostID, PostDescription, PostedBy, IsPublic, IsOnlyForFriends, GroupID, DatePosted) values (91, 'mauris sit amet eros suspendisse accumsan tortor quis turpis sed ante vivamus tortor duis mattis egestas metus aenean', 85, true, false, 93, '2024-01-12 07:20:05');
insert into Posts (PostID, PostDescription, PostedBy, IsPublic, IsOnlyForFriends, GroupID, DatePosted) values (92, 'pellentesque viverra pede ac diam cras pellentesque volutpat dui maecenas tristique est et tempus semper est quam pharetra', 79, true, true, 55, '2024-04-26 19:04:48');
insert into Posts (PostID, PostDescription, PostedBy, IsPublic, IsOnlyForFriends, GroupID, DatePosted) values (93, 'quam fringilla rhoncus mauris enim leo rhoncus sed vestibulum sit amet cursus id turpis', 36, false, true, 84, '2024-08-27 05:25:14');
insert into Posts (PostID, PostDescription, PostedBy, IsPublic, IsOnlyForFriends, GroupID, DatePosted) values (94, 'mauris eget massa tempor convallis nulla neque libero convallis eget eleifend luctus ultricies eu nibh quisque id justo sit amet', 3, false, false, 86, '2023-09-07 07:06:00');
insert into Posts (PostID, PostDescription, PostedBy, IsPublic, IsOnlyForFriends, GroupID, DatePosted) values (95, 'neque libero convallis eget eleifend luctus ultricies eu nibh quisque id justo sit amet', 73, false, false, 90, '2024-04-27 14:37:55');
insert into Posts (PostID, PostDescription, PostedBy, IsPublic, IsOnlyForFriends, GroupID, DatePosted) values (96, 'cras mi pede malesuada in imperdiet et commodo vulputate justo in blandit ultrices enim lorem ipsum dolor sit amet consectetuer', 97, false, false, 100, '2024-03-26 20:40:39');
insert into Posts (PostID, PostDescription, PostedBy, IsPublic, IsOnlyForFriends, GroupID, DatePosted) values (97, 'elementum eu interdum eu tincidunt in leo maecenas pulvinar lobortis est phasellus sit amet erat', 15, false, true, 3, '2024-01-03 23:53:13');
insert into Posts (PostID, PostDescription, PostedBy, IsPublic, IsOnlyForFriends, GroupID, DatePosted) values (98, 'ac nulla sed vel enim sit amet nunc viverra dapibus nulla suscipit ligula in lacus', 38, true, false, 38, '2023-12-26 12:38:37');
insert into Posts (PostID, PostDescription, PostedBy, IsPublic, IsOnlyForFriends, GroupID, DatePosted) values (99, 'gravida nisi at nibh in hac habitasse platea dictumst aliquam augue quam sollicitudin vitae consectetuer eget rutrum at lorem', 19, true, true, 27, '2023-12-24 15:55:21');
insert into Posts (PostID, PostDescription, PostedBy, IsPublic, IsOnlyForFriends, GroupID, DatePosted) values (100, 'habitasse platea dictumst etiam faucibus cursus urna ut tellus nulla ut erat id mauris vulputate elementum nullam varius', 78, true, true, 34, '2024-06-21 01:05:10');


insert into GroupMembershipRequests (GroupMemberShipRequestsID, GroupID, GroupMemberUserID, IsGroupMemberShipAccepted, DateAccepted) values (1, 51, 27, false, '2024-03-21 12:00:25');
insert into GroupMembershipRequests (GroupMemberShipRequestsID, GroupID, GroupMemberUserID, IsGroupMemberShipAccepted, DateAccepted) values (2, 30, 50, false, '2024-06-12 08:15:27');
insert into GroupMembershipRequests (GroupMemberShipRequestsID, GroupID, GroupMemberUserID, IsGroupMemberShipAccepted, DateAccepted) values (3, 82, 71, true, '2023-12-26 01:12:11');
insert into GroupMembershipRequests (GroupMemberShipRequestsID, GroupID, GroupMemberUserID, IsGroupMemberShipAccepted, DateAccepted) values (4, 83, 95, true, '2024-04-08 05:57:57');
insert into GroupMembershipRequests (GroupMemberShipRequestsID, GroupID, GroupMemberUserID, IsGroupMemberShipAccepted, DateAccepted) values (5, 74, 70, true, '2024-01-03 13:44:45');
insert into GroupMembershipRequests (GroupMemberShipRequestsID, GroupID, GroupMemberUserID, IsGroupMemberShipAccepted, DateAccepted) values (6, 72, 23, false, '2024-07-22 06:17:01');
insert into GroupMembershipRequests (GroupMemberShipRequestsID, GroupID, GroupMemberUserID, IsGroupMemberShipAccepted, DateAccepted) values (7, 43, 96, false, '2024-04-15 22:49:35');
insert into GroupMembershipRequests (GroupMemberShipRequestsID, GroupID, GroupMemberUserID, IsGroupMemberShipAccepted, DateAccepted) values (8, 31, 78, true, '2024-03-06 20:18:26');
insert into GroupMembershipRequests (GroupMemberShipRequestsID, GroupID, GroupMemberUserID, IsGroupMemberShipAccepted, DateAccepted) values (9, 24, 81, true, '2024-05-24 23:30:56');
insert into GroupMembershipRequests (GroupMemberShipRequestsID, GroupID, GroupMemberUserID, IsGroupMemberShipAccepted, DateAccepted) values (10, 85, 31, true, '2024-08-11 14:56:12');
insert into GroupMembershipRequests (GroupMemberShipRequestsID, GroupID, GroupMemberUserID, IsGroupMemberShipAccepted, DateAccepted) values (11, 74, 91, true, '2023-12-07 23:58:01');
insert into GroupMembershipRequests (GroupMemberShipRequestsID, GroupID, GroupMemberUserID, IsGroupMemberShipAccepted, DateAccepted) values (12, 64, 64, true, '2023-12-30 18:35:20');
insert into GroupMembershipRequests (GroupMemberShipRequestsID, GroupID, GroupMemberUserID, IsGroupMemberShipAccepted, DateAccepted) values (13, 70, 81, false, '2024-05-10 10:35:21');
insert into GroupMembershipRequests (GroupMemberShipRequestsID, GroupID, GroupMemberUserID, IsGroupMemberShipAccepted, DateAccepted) values (14, 8, 40, true, '2024-06-21 10:06:46');
insert into GroupMembershipRequests (GroupMemberShipRequestsID, GroupID, GroupMemberUserID, IsGroupMemberShipAccepted, DateAccepted) values (15, 44, 90, true, '2024-09-02 05:09:59');
insert into GroupMembershipRequests (GroupMemberShipRequestsID, GroupID, GroupMemberUserID, IsGroupMemberShipAccepted, DateAccepted) values (16, 98, 89, false, '2024-03-30 20:04:22');
insert into GroupMembershipRequests (GroupMemberShipRequestsID, GroupID, GroupMemberUserID, IsGroupMemberShipAccepted, DateAccepted) values (17, 62, 46, true, '2024-03-12 00:04:01');
insert into GroupMembershipRequests (GroupMemberShipRequestsID, GroupID, GroupMemberUserID, IsGroupMemberShipAccepted, DateAccepted) values (18, 46, 15, false, '2023-12-27 09:54:37');
insert into GroupMembershipRequests (GroupMemberShipRequestsID, GroupID, GroupMemberUserID, IsGroupMemberShipAccepted, DateAccepted) values (19, 79, 18, true, '2024-09-04 23:33:15');
insert into GroupMembershipRequests (GroupMemberShipRequestsID, GroupID, GroupMemberUserID, IsGroupMemberShipAccepted, DateAccepted) values (20, 39, 86, true, '2024-02-18 12:11:30');
insert into GroupMembershipRequests (GroupMemberShipRequestsID, GroupID, GroupMemberUserID, IsGroupMemberShipAccepted, DateAccepted) values (21, 22, 6, false, '2024-05-31 02:30:17');
insert into GroupMembershipRequests (GroupMemberShipRequestsID, GroupID, GroupMemberUserID, IsGroupMemberShipAccepted, DateAccepted) values (22, 80, 2, true, '2024-06-18 15:32:43');
insert into GroupMembershipRequests (GroupMemberShipRequestsID, GroupID, GroupMemberUserID, IsGroupMemberShipAccepted, DateAccepted) values (23, 6, 78, true, '2024-07-05 05:44:32');
insert into GroupMembershipRequests (GroupMemberShipRequestsID, GroupID, GroupMemberUserID, IsGroupMemberShipAccepted, DateAccepted) values (24, 72, 14, false, '2024-03-11 03:19:41');
insert into GroupMembershipRequests (GroupMemberShipRequestsID, GroupID, GroupMemberUserID, IsGroupMemberShipAccepted, DateAccepted) values (25, 45, 4, true, '2024-07-24 01:57:58');
insert into GroupMembershipRequests (GroupMemberShipRequestsID, GroupID, GroupMemberUserID, IsGroupMemberShipAccepted, DateAccepted) values (26, 82, 99, false, '2023-10-22 07:53:22');
insert into GroupMembershipRequests (GroupMemberShipRequestsID, GroupID, GroupMemberUserID, IsGroupMemberShipAccepted, DateAccepted) values (27, 45, 73, false, '2024-01-21 09:20:21');
insert into GroupMembershipRequests (GroupMemberShipRequestsID, GroupID, GroupMemberUserID, IsGroupMemberShipAccepted, DateAccepted) values (28, 97, 10, false, '2024-08-13 07:49:24');
insert into GroupMembershipRequests (GroupMemberShipRequestsID, GroupID, GroupMemberUserID, IsGroupMemberShipAccepted, DateAccepted) values (29, 94, 41, false, '2023-12-14 12:49:50');
insert into GroupMembershipRequests (GroupMemberShipRequestsID, GroupID, GroupMemberUserID, IsGroupMemberShipAccepted, DateAccepted) values (30, 79, 75, false, '2024-07-08 10:02:53');
insert into GroupMembershipRequests (GroupMemberShipRequestsID, GroupID, GroupMemberUserID, IsGroupMemberShipAccepted, DateAccepted) values (31, 19, 88, true, '2024-02-25 20:23:20');
insert into GroupMembershipRequests (GroupMemberShipRequestsID, GroupID, GroupMemberUserID, IsGroupMemberShipAccepted, DateAccepted) values (32, 47, 38, true, '2024-08-13 20:45:29');
insert into GroupMembershipRequests (GroupMemberShipRequestsID, GroupID, GroupMemberUserID, IsGroupMemberShipAccepted, DateAccepted) values (33, 77, 43, true, '2024-06-14 18:16:49');
insert into GroupMembershipRequests (GroupMemberShipRequestsID, GroupID, GroupMemberUserID, IsGroupMemberShipAccepted, DateAccepted) values (34, 74, 62, true, '2023-09-22 13:52:18');
insert into GroupMembershipRequests (GroupMemberShipRequestsID, GroupID, GroupMemberUserID, IsGroupMemberShipAccepted, DateAccepted) values (35, 35, 81, true, '2024-03-15 07:21:28');
insert into GroupMembershipRequests (GroupMemberShipRequestsID, GroupID, GroupMemberUserID, IsGroupMemberShipAccepted, DateAccepted) values (36, 96, 81, false, '2024-02-16 17:28:35');
insert into GroupMembershipRequests (GroupMemberShipRequestsID, GroupID, GroupMemberUserID, IsGroupMemberShipAccepted, DateAccepted) values (37, 13, 77, true, '2023-10-16 08:21:07');
insert into GroupMembershipRequests (GroupMemberShipRequestsID, GroupID, GroupMemberUserID, IsGroupMemberShipAccepted, DateAccepted) values (38, 16, 30, true, '2024-05-27 15:10:17');
insert into GroupMembershipRequests (GroupMemberShipRequestsID, GroupID, GroupMemberUserID, IsGroupMemberShipAccepted, DateAccepted) values (39, 71, 12, false, '2024-07-01 15:57:05');
insert into GroupMembershipRequests (GroupMemberShipRequestsID, GroupID, GroupMemberUserID, IsGroupMemberShipAccepted, DateAccepted) values (40, 92, 30, false, '2024-01-21 06:30:36');
insert into GroupMembershipRequests (GroupMemberShipRequestsID, GroupID, GroupMemberUserID, IsGroupMemberShipAccepted, DateAccepted) values (41, 24, 26, true, '2023-10-07 05:17:06');
insert into GroupMembershipRequests (GroupMemberShipRequestsID, GroupID, GroupMemberUserID, IsGroupMemberShipAccepted, DateAccepted) values (42, 12, 66, false, '2024-02-01 18:53:58');
insert into GroupMembershipRequests (GroupMemberShipRequestsID, GroupID, GroupMemberUserID, IsGroupMemberShipAccepted, DateAccepted) values (43, 5, 22, true, '2023-11-19 11:09:12');
insert into GroupMembershipRequests (GroupMemberShipRequestsID, GroupID, GroupMemberUserID, IsGroupMemberShipAccepted, DateAccepted) values (44, 90, 70, true, '2024-07-04 05:59:26');
insert into GroupMembershipRequests (GroupMemberShipRequestsID, GroupID, GroupMemberUserID, IsGroupMemberShipAccepted, DateAccepted) values (45, 9, 5, true, '2024-03-17 03:14:48');
insert into GroupMembershipRequests (GroupMemberShipRequestsID, GroupID, GroupMemberUserID, IsGroupMemberShipAccepted, DateAccepted) values (46, 51, 56, false, '2024-07-18 18:10:01');
insert into GroupMembershipRequests (GroupMemberShipRequestsID, GroupID, GroupMemberUserID, IsGroupMemberShipAccepted, DateAccepted) values (47, 30, 81, false, '2023-11-20 19:56:54');
insert into GroupMembershipRequests (GroupMemberShipRequestsID, GroupID, GroupMemberUserID, IsGroupMemberShipAccepted, DateAccepted) values (48, 70, 82, true, '2024-02-28 11:25:15');
insert into GroupMembershipRequests (GroupMemberShipRequestsID, GroupID, GroupMemberUserID, IsGroupMemberShipAccepted, DateAccepted) values (49, 60, 38, true, '2023-09-06 04:37:17');
insert into GroupMembershipRequests (GroupMemberShipRequestsID, GroupID, GroupMemberUserID, IsGroupMemberShipAccepted, DateAccepted) values (50, 12, 42, false, '2024-02-09 01:52:26');
insert into GroupMembershipRequests (GroupMemberShipRequestsID, GroupID, GroupMemberUserID, IsGroupMemberShipAccepted, DateAccepted) values (51, 50, 3, true, '2024-06-30 17:45:21');
insert into GroupMembershipRequests (GroupMemberShipRequestsID, GroupID, GroupMemberUserID, IsGroupMemberShipAccepted, DateAccepted) values (52, 97, 21, false, '2024-01-16 12:13:25');
insert into GroupMembershipRequests (GroupMemberShipRequestsID, GroupID, GroupMemberUserID, IsGroupMemberShipAccepted, DateAccepted) values (53, 19, 2, false, '2023-11-05 07:53:02');
insert into GroupMembershipRequests (GroupMemberShipRequestsID, GroupID, GroupMemberUserID, IsGroupMemberShipAccepted, DateAccepted) values (54, 29, 8, false, '2024-05-27 10:10:32');
insert into GroupMembershipRequests (GroupMemberShipRequestsID, GroupID, GroupMemberUserID, IsGroupMemberShipAccepted, DateAccepted) values (55, 55, 60, false, '2023-11-12 21:19:58');
insert into GroupMembershipRequests (GroupMemberShipRequestsID, GroupID, GroupMemberUserID, IsGroupMemberShipAccepted, DateAccepted) values (56, 1, 43, true, '2023-09-14 08:45:06');
insert into GroupMembershipRequests (GroupMemberShipRequestsID, GroupID, GroupMemberUserID, IsGroupMemberShipAccepted, DateAccepted) values (57, 15, 33, true, '2024-06-23 18:54:33');
insert into GroupMembershipRequests (GroupMemberShipRequestsID, GroupID, GroupMemberUserID, IsGroupMemberShipAccepted, DateAccepted) values (58, 63, 52, true, '2024-09-05 02:23:52');
insert into GroupMembershipRequests (GroupMemberShipRequestsID, GroupID, GroupMemberUserID, IsGroupMemberShipAccepted, DateAccepted) values (59, 46, 4, false, '2023-11-15 10:12:14');
insert into GroupMembershipRequests (GroupMemberShipRequestsID, GroupID, GroupMemberUserID, IsGroupMemberShipAccepted, DateAccepted) values (60, 100, 91, false, '2024-03-10 23:20:51');
insert into GroupMembershipRequests (GroupMemberShipRequestsID, GroupID, GroupMemberUserID, IsGroupMemberShipAccepted, DateAccepted) values (61, 91, 57, false, '2024-07-26 23:48:15');
insert into GroupMembershipRequests (GroupMemberShipRequestsID, GroupID, GroupMemberUserID, IsGroupMemberShipAccepted, DateAccepted) values (62, 84, 2, false, '2024-04-26 01:02:15');
insert into GroupMembershipRequests (GroupMemberShipRequestsID, GroupID, GroupMemberUserID, IsGroupMemberShipAccepted, DateAccepted) values (63, 74, 53, false, '2023-11-01 12:29:57');
insert into GroupMembershipRequests (GroupMemberShipRequestsID, GroupID, GroupMemberUserID, IsGroupMemberShipAccepted, DateAccepted) values (64, 51, 9, true, '2024-07-20 05:26:51');
insert into GroupMembershipRequests (GroupMemberShipRequestsID, GroupID, GroupMemberUserID, IsGroupMemberShipAccepted, DateAccepted) values (65, 80, 94, false, '2024-04-26 11:00:00');
insert into GroupMembershipRequests (GroupMemberShipRequestsID, GroupID, GroupMemberUserID, IsGroupMemberShipAccepted, DateAccepted) values (66, 22, 10, false, '2024-03-08 14:02:37');
insert into GroupMembershipRequests (GroupMemberShipRequestsID, GroupID, GroupMemberUserID, IsGroupMemberShipAccepted, DateAccepted) values (67, 14, 42, true, '2024-02-04 00:10:25');
insert into GroupMembershipRequests (GroupMemberShipRequestsID, GroupID, GroupMemberUserID, IsGroupMemberShipAccepted, DateAccepted) values (68, 56, 71, false, '2024-08-18 01:14:13');
insert into GroupMembershipRequests (GroupMemberShipRequestsID, GroupID, GroupMemberUserID, IsGroupMemberShipAccepted, DateAccepted) values (69, 37, 100, true, '2024-02-15 17:53:50');
insert into GroupMembershipRequests (GroupMemberShipRequestsID, GroupID, GroupMemberUserID, IsGroupMemberShipAccepted, DateAccepted) values (70, 92, 85, true, '2024-07-15 22:12:48');
insert into GroupMembershipRequests (GroupMemberShipRequestsID, GroupID, GroupMemberUserID, IsGroupMemberShipAccepted, DateAccepted) values (71, 7, 62, true, '2023-09-09 20:28:17');
insert into GroupMembershipRequests (GroupMemberShipRequestsID, GroupID, GroupMemberUserID, IsGroupMemberShipAccepted, DateAccepted) values (72, 53, 48, true, '2024-06-21 05:58:35');
insert into GroupMembershipRequests (GroupMemberShipRequestsID, GroupID, GroupMemberUserID, IsGroupMemberShipAccepted, DateAccepted) values (73, 47, 46, true, '2024-05-22 00:17:57');
insert into GroupMembershipRequests (GroupMemberShipRequestsID, GroupID, GroupMemberUserID, IsGroupMemberShipAccepted, DateAccepted) values (74, 37, 40, false, '2024-05-03 16:42:09');
insert into GroupMembershipRequests (GroupMemberShipRequestsID, GroupID, GroupMemberUserID, IsGroupMemberShipAccepted, DateAccepted) values (75, 13, 65, true, '2023-12-20 08:11:34');
insert into GroupMembershipRequests (GroupMemberShipRequestsID, GroupID, GroupMemberUserID, IsGroupMemberShipAccepted, DateAccepted) values (76, 28, 75, true, '2024-07-16 08:32:20');
insert into GroupMembershipRequests (GroupMemberShipRequestsID, GroupID, GroupMemberUserID, IsGroupMemberShipAccepted, DateAccepted) values (77, 94, 58, false, '2024-09-04 13:37:05');
insert into GroupMembershipRequests (GroupMemberShipRequestsID, GroupID, GroupMemberUserID, IsGroupMemberShipAccepted, DateAccepted) values (78, 87, 72, false, '2023-10-13 17:24:04');
insert into GroupMembershipRequests (GroupMemberShipRequestsID, GroupID, GroupMemberUserID, IsGroupMemberShipAccepted, DateAccepted) values (79, 71, 33, true, '2024-07-25 00:58:50');
insert into GroupMembershipRequests (GroupMemberShipRequestsID, GroupID, GroupMemberUserID, IsGroupMemberShipAccepted, DateAccepted) values (80, 12, 82, false, '2024-08-22 09:52:05');
insert into GroupMembershipRequests (GroupMemberShipRequestsID, GroupID, GroupMemberUserID, IsGroupMemberShipAccepted, DateAccepted) values (81, 12, 75, false, '2024-05-19 22:36:02');
insert into GroupMembershipRequests (GroupMemberShipRequestsID, GroupID, GroupMemberUserID, IsGroupMemberShipAccepted, DateAccepted) values (82, 64, 54, true, '2024-04-04 03:30:37');
insert into GroupMembershipRequests (GroupMemberShipRequestsID, GroupID, GroupMemberUserID, IsGroupMemberShipAccepted, DateAccepted) values (83, 96, 50, true, '2024-03-28 21:25:33');
insert into GroupMembershipRequests (GroupMemberShipRequestsID, GroupID, GroupMemberUserID, IsGroupMemberShipAccepted, DateAccepted) values (84, 55, 62, false, '2024-06-22 01:23:14');
insert into GroupMembershipRequests (GroupMemberShipRequestsID, GroupID, GroupMemberUserID, IsGroupMemberShipAccepted, DateAccepted) values (85, 16, 98, false, '2024-02-07 05:53:02');
insert into GroupMembershipRequests (GroupMemberShipRequestsID, GroupID, GroupMemberUserID, IsGroupMemberShipAccepted, DateAccepted) values (86, 60, 10, false, '2024-03-16 14:02:42');
insert into GroupMembershipRequests (GroupMemberShipRequestsID, GroupID, GroupMemberUserID, IsGroupMemberShipAccepted, DateAccepted) values (87, 69, 84, false, '2024-08-11 19:16:59');
insert into GroupMembershipRequests (GroupMemberShipRequestsID, GroupID, GroupMemberUserID, IsGroupMemberShipAccepted, DateAccepted) values (88, 72, 35, true, '2024-06-03 07:10:38');
insert into GroupMembershipRequests (GroupMemberShipRequestsID, GroupID, GroupMemberUserID, IsGroupMemberShipAccepted, DateAccepted) values (89, 18, 73, true, '2023-12-26 05:29:32');
insert into GroupMembershipRequests (GroupMemberShipRequestsID, GroupID, GroupMemberUserID, IsGroupMemberShipAccepted, DateAccepted) values (90, 69, 53, true, '2024-07-08 22:41:01');
insert into GroupMembershipRequests (GroupMemberShipRequestsID, GroupID, GroupMemberUserID, IsGroupMemberShipAccepted, DateAccepted) values (91, 28, 55, true, '2024-08-02 19:26:04');
insert into GroupMembershipRequests (GroupMemberShipRequestsID, GroupID, GroupMemberUserID, IsGroupMemberShipAccepted, DateAccepted) values (92, 95, 34, false, '2024-07-12 00:59:22');
insert into GroupMembershipRequests (GroupMemberShipRequestsID, GroupID, GroupMemberUserID, IsGroupMemberShipAccepted, DateAccepted) values (93, 31, 84, true, '2024-04-27 12:12:52');
insert into GroupMembershipRequests (GroupMemberShipRequestsID, GroupID, GroupMemberUserID, IsGroupMemberShipAccepted, DateAccepted) values (94, 50, 32, false, '2024-02-21 08:00:24');
insert into GroupMembershipRequests (GroupMemberShipRequestsID, GroupID, GroupMemberUserID, IsGroupMemberShipAccepted, DateAccepted) values (95, 65, 74, false, '2023-12-02 00:06:10');
insert into GroupMembershipRequests (GroupMemberShipRequestsID, GroupID, GroupMemberUserID, IsGroupMemberShipAccepted, DateAccepted) values (96, 38, 75, false, '2024-08-28 20:47:41');
insert into GroupMembershipRequests (GroupMemberShipRequestsID, GroupID, GroupMemberUserID, IsGroupMemberShipAccepted, DateAccepted) values (97, 12, 82, false, '2024-08-31 10:13:15');
insert into GroupMembershipRequests (GroupMemberShipRequestsID, GroupID, GroupMemberUserID, IsGroupMemberShipAccepted, DateAccepted) values (98, 58, 19, false, '2024-02-12 21:41:24');
insert into GroupMembershipRequests (GroupMemberShipRequestsID, GroupID, GroupMemberUserID, IsGroupMemberShipAccepted, DateAccepted) values (99, 76, 98, false, '2024-07-09 06:57:52');
insert into GroupMembershipRequests (GroupMemberShipRequestsID, GroupID, GroupMemberUserID, IsGroupMemberShipAccepted, DateAccepted) values (100, 99, 71, true, '2023-09-21 09:10:37');
